	('ENRC1', 'ENRC')	('ENRC2', 'ENRC')	('ENRC3', 'ENRC')	('ENRI1', 'ENRI')	('ENRI2', 'ENRI')	('ENRI3', 'ENRI')
('Gene:Gal3st2-1', 'Type:goblet')	0	0	0	-1.03826	0.0815095	0.956751
('Gene:Tdrd7-2', 'Type:goblet')	0	0	0	-0.7071069999999999	0	0.7071069999999999
('Gene:Pck1-3', 'Type:goblet')	0	0	0	-1.0225799999999998	0.97578	0.0467968
('Gene:Scin-4', 'Type:goblet')	-0.894573	-0.842808	-0.996286	0.886763	0.973211	0.873693
('Gene:Zg16-5', 'Type:goblet')	-0.9378479999999999	-0.8854790000000001	-0.914693	0.8930389999999999	0.9327049999999999	0.912275
('Gene:Bcas1-6', 'Type:goblet')	-1.07493	-0.8608319999999999	-0.789881	0.8787389999999999	0.8929159999999999	0.953989
('Gene:Clca1-7', 'Type:goblet')	-0.9603010000000001	-0.8420209999999999	-0.933917	0.88734	0.9203379999999999	0.9285610000000001
('Gene:Muc2-8', 'Type:goblet')	-0.902322	-0.893523	-0.94186	0.943494	0.880492	0.9137190000000001
('Gene:B3gnt7-9', 'Type:goblet')	-0.9791049999999999	0	-1.2017799999999998	0.640385	0.784917	0.755579
('Gene:Klk1-10', 'Type:goblet')	-0.98888	-0.9812190000000001	-0.759041	0.924607	0.8946350000000001	0.909897
('Gene:Rep15-11', 'Type:goblet')	-1.49631	0	0	0.475361	0.42703100000000005	0.593917
('Gene:Ugp2-12', 'Type:goblet')	-0.9698479999999999	-0.8348610000000001	-0.926169	0.9586899999999999	0.9732860000000001	0.798901
('Gene:Tmprss2-13', 'Type:goblet')	-0.880977	-0.9958889999999999	-0.795782	1.24404	0.838245	0.590367
('Gene:Vimp-14', 'Type:goblet')	-0.854022	-1.02538	-0.834023	1.1120700000000001	0.849657	0.751698
('Gene:Qsox1-15', 'Type:goblet')	-0.8992379999999999	-0.872733	-0.965289	0.9003969999999999	0.927883	0.9089799999999999
('Gene:Cgref1-16', 'Type:goblet')	-1.09227	-0.925113	-0.698504	0.935003	0.9304120000000001	0.8504729999999999
('Gene:Sytl2-17', 'Type:goblet')	-1.18238	-0.22406700000000002	-1.10046	0.43502399999999997	1.08681	0.9850700000000001
('Gene:Agr2-18', 'Type:goblet')	-0.955307	-0.7737930000000001	-0.997569	0.809595	0.973673	0.943401
('Gene:Chst4-19', 'Type:goblet')	-0.727009	-0.8903190000000001	-1.08854	0.7320909999999999	1.05764	0.916134
('Gene:Galnt6-20', 'Type:goblet')	-1.34935	-0.808852	-0.110974	0.383762	0.400481	1.48494
('Gene:Fam3c-21', 'Type:goblet')	-0.971476	-0.8303	-0.92781	1.03072	0.832923	0.865942
('Gene:Cmpk1-22', 'Type:goblet')	-1.04111	-0.924222	-0.758959	0.8379969999999999	0.9910450000000001	0.89525
('Gene:Mgat3-23', 'Type:goblet')	-0.7381449999999999	-1.11541	-0.7488630000000001	1.01057	0.37050900000000003	1.2213399999999999
('Gene:Golph3l-24', 'Type:goblet')	-1.2282	-0.892503	-0.542864	0.981541	0.7356189999999999	0.9464100000000001
('Gene:Pmm2-25', 'Type:goblet')	-1.05928	-0.820866	-0.8446870000000001	0.815175	0.9916870000000001	0.917967
('Gene:Scamp1-26', 'Type:goblet')	0.057606	-0.9778120000000001	-1.45069	0.97657	0.768968	0.625356
('Gene:Gmppb-27', 'Type:goblet')	-1.01152	-0.909639	-0.8073600000000001	0.806891	0.9516040000000001	0.9700200000000001
('Gene:Gfpt1-28', 'Type:goblet')	-1.02942	-0.752233	-0.9445459999999999	0.893301	0.9639340000000001	0.8689680000000001
('Gene:Gmds-29', 'Type:goblet')	-0.983849	-0.741262	-1.0005	0.8908809999999999	0.868394	0.966334
('Gene:C2cd2l-30', 'Type:goblet')	0.373816	0	-1.7612599999999998	0.558146	0.187892	0.641405
('Gene:Gmppa-31', 'Type:goblet')	-1.0970799999999998	-0.74484	-0.868318	0.761667	0.906974	1.04159
('Gene:Prrc1-32', 'Type:goblet')	-0.811004	-1.21211	-0.665166	0.8075899999999999	1.01076	0.869934
('Gene:Samhd1-33', 'Type:goblet')	-1.04816	-0.41700200000000004	-1.1774200000000001	0.8900239999999999	0.794683	0.957867
('Gene:Cant1-34', 'Type:goblet')	-0.833432	-0.712154	-1.14995	0.9604010000000001	1.02272	0.712411
('Gene:Gale-35', 'Type:goblet')	-0.798307	-0.8096939999999999	-1.1077700000000001	0.975449	0.954058	0.786267
('Gene:Naga-36', 'Type:goblet')	-1.09576	-0.9975569999999999	-0.5917899999999999	1.05245	0.7339939999999999	0.898661
('Gene:Arl1-37', 'Type:goblet')	-1.0339	-0.452078	-1.02267	0.995559	1.27854	0.234551
('Gene:Stard3nl-38', 'Type:goblet')	-1.09291	-0.614609	-0.884783	0.44521000000000005	0.8073229999999999	1.3397700000000001
('Gene:Pdxdc1-39', 'Type:goblet')	-0.892109	-0.8783200000000001	-0.9667399999999999	0.9340709999999999	0.9058940000000001	0.8972040000000001
('Gene:Slc12a9-40', 'Type:goblet')	-0.739795	0.341287	-1.6841	0.75981	0.506795	0.8160069999999999
('Gene:Fut8-41', 'Type:goblet')	-0.898408	-0.93589	-0.8861129999999999	0.770777	1.11109	0.838541
('Gene:Hdlbp-42', 'Type:goblet')	-0.8298129999999999	-0.9046690000000001	-0.994936	1.01486	0.8978520000000001	0.816709
('Gene:Copg1-43', 'Type:goblet')	-1.02773	-0.781836	-0.8830680000000001	0.6832090000000001	1.1878	0.8216209999999999
('Gene:Tsta3-44', 'Type:goblet')	-1.07575	-0.891151	-0.7346600000000001	0.767343	0.809819	1.1244
('Gene:Galk2-45', 'Type:goblet')	-1.1332200000000001	-0.791276	-0.764342	1.03912	1.0050299999999999	0.64468
('Gene:Tom1l1-46', 'Type:goblet')	-1.28311	-0.44819899999999996	-0.844199	0.734318	1.2414100000000001	0.59978
('Gene:Nucb1-47', 'Type:goblet')	-0.773751	-0.990088	-0.95585	0.7440260000000001	1.02094	0.954723
('Gene:Copb2-48', 'Type:goblet')	-0.844389	-0.8672290000000001	-1.0113299999999998	1.0719	0.815952	0.835095
('Gene:Gcnt3-49', 'Type:goblet')	-0.9205770000000001	-0.43964	-1.26124	0.64671	1.00279	0.9719610000000001
('Gene:Pgm3-50', 'Type:goblet')	-1.33388	-0.669036	-0.60812	0.709739	1.16529	0.736009
('Gene:Vps37c-51', 'Type:goblet')	0.18936	-0.7662359999999999	-1.11152	-0.123365	1.7675900000000002	0.044171800000000004
('Gene:Gne-52', 'Type:goblet')	-1.16129	-0.650037	-0.8725620000000001	1.02203	0.975925	0.6859390000000001
('Gene:C1galt1c1-53', 'Type:goblet')	-0.779267	-1.0883	-0.578357	1.3333899999999999	1.0446600000000001	0.0678681
('Gene:Stx5-54', 'Type:goblet')	-1.12029	-0.713504	-0.8773569999999999	0.8920319999999999	0.998416	0.820702
('Gene:Rrbp1-55', 'Type:goblet')	-0.668333	-1.0142799999999998	-0.9501790000000001	1.11609	0.422299	1.09441
('Gene:Uap1-56', 'Type:goblet')	-0.24064499999999997	-0.872549	-1.37032	0.643532	1.2331	0.606885
('Gene:Cdk5rap3-57', 'Type:goblet')	-1.31796	-0.36758	-0.811479	0.829616	1.27585	0.39155100000000004
('Gene:Copb1-58', 'Type:goblet')	-1.09382	-0.75159	-0.848081	0.70699	0.8407889999999999	1.14571
('Gene:Galnt4-59', 'Type:goblet')	-1.25898	0.0698104	-1.1016299999999999	0.43551000000000006	1.30566	0.5496270000000001
('Gene:Yipf3-60', 'Type:goblet')	-0.45259499999999997	-0.229931	-1.67963	0.820799	0.598134	0.9432209999999999
('Gene:Capn7-61', 'Type:goblet')	-0.525325	-1.1195700000000002	-0.943016	0.649622	0.59442	1.3438700000000001
('Gene:Guk1-62', 'Type:goblet')	-1.40008	-0.336593	-0.671976	0.67905	0.35585	1.37375
('Gene:C1galt1-63', 'Type:goblet')	-0.665454	0.20284100000000002	-1.6852099999999999	0.998332	0.6715939999999999	0.477897
('Gene:Pygb-64', 'Type:goblet')	-1.28672	-0.588304	-0.756808	0.643918	1.12616	0.8617540000000001
('Gene:Sec22b-65', 'Type:goblet')	-0.721274	-0.09890410000000001	-1.54839	0.521945	0.7053560000000001	1.14127
('Gene:Galnt7-66', 'Type:goblet')	-0.999898	-0.144567	-1.33346	0.690263	0.641999	1.14567
('Gene:Arf4-67', 'Type:goblet')	-0.6420130000000001	-1.00559	-0.9121790000000001	0.254006	1.2570700000000001	1.0487
('Gene:Lman1-68', 'Type:goblet')	-0.9851200000000001	-0.607731	-0.8727879999999999	0.9668530000000001	0.101141	1.39764
('Gene:Ufl1-69', 'Type:goblet')	-1.13649	-0.199425	-1.10611	0.656396	0.434515	1.35111
('Gene:Sh3bgrl3-70', 'Type:goblet')	-1.4506	-0.592985	0.500183	0.413279	-0.296489	1.42662
('Gene:Bet1-71', 'Type:goblet')	-0.765143	0.723902	-1.64638	0.9167690000000001	0.23982399999999998	0.5310239999999999
('Gene:Dnajc3-72', 'Type:goblet')	-0.9878870000000001	-0.117947	-1.2652700000000001	0.524199	1.38657	0.460329
('Gene:Cog6-73', 'Type:goblet')	-1.73774	-0.435457	-0.08887310000000001	0.9434309999999999	0.7671600000000001	0.5514819999999999
('Gene:Cog3-74', 'Type:goblet')	-1.38676	-0.802814	-0.0341371	0.19261	1.42265	0.60845
('Gene:Trabd-75', 'Type:goblet')	-0.785257	-0.313734	-1.1043399999999999	0.0995085	1.70092	0.402901
('Gene:Ddost-76', 'Type:goblet')	-0.344514	-0.203149	-1.5712899999999999	0.103848	1.41375	0.601358
('Gene:Clptm1l-77', 'Type:goblet')	-0.917708	0.433097	-1.3817	0.21964	0.250136	1.39654
('Gene:Hyou1-78', 'Type:goblet')	-0.413812	-0.521621	-0.430824	1.38026	-1.11737	1.10337
('Gene:Capns1-79', 'Type:goblet')	-1.2921799999999999	-0.908329	0.479741	-0.0908857	1.46518	0.346468
('Gene:Rpn2-80', 'Type:goblet')	-0.397798	-0.6354989999999999	-1.04906	-0.174238	1.7451	0.511494
('Gene:Dnajb11-81', 'Type:goblet')	-0.9477270000000001	-0.0893284	-1.05756	0.0449115	0.364275	1.68543
('Gene:Sar1a-82', 'Type:goblet')	-0.35391999999999996	1.45937	-1.60218	0.398037	0.135069	-0.0363849
('Gene:Tars-83', 'Type:goblet')	-0.7938390000000001	0.39617199999999997	-1.62416	0.8402129999999999	0.298493	0.883124
('Gene:Kif13a-84', 'Type:goblet')	-1.24694	-0.6943520000000001	0.7864439999999999	-0.458687	1.4519	0.161631
('Gene:Golt1b-85', 'Type:goblet')	-0.0708067	0.9555100000000001	0.0790693	-1.8980599999999999	0.6025119999999999	0.331777
('Gene:Hsp90b1-86', 'Type:goblet')	-0.294673	-0.17816500000000002	-1.56515	-0.15138	1.17261	1.01676
('Gene:Hspa5-87', 'Type:goblet')	0.0035299999999999997	-0.210258	-1.8099599999999998	0.648099	0.282237	1.08635
('Gene:Tpd52-88', 'Type:goblet')	0.8556530000000001	-1.8823	-0.31711999999999996	0.484563	0.530378	0.328828
('Gene:Hspa13-89', 'Type:goblet')	1.72748	-0.373284	-0.24452	0.0719475	-1.33693	0.155304
('Gene:Mia3-90', 'Type:goblet')	1.07807	-0.0789253	-1.02241	0.418469	-1.3229899999999999	0.927784
('Gene:Slc35c1-91', 'Type:goblet')	-0.0510388	1.6845	-1.20777	0.18875799999999998	0.181009	-0.795454
('Gene:Rab27b-92', 'Type:goblet')	-0.364125	1.84191	-1.04108	-0.589354	-0.05006409999999999	0.202707
('Gene:Arfgap1-93', 'Type:goblet')	-0.472058	1.31312	-0.400152	1.07221	-0.209587	-1.3035299999999999
('Gene:Tinagl1-94', 'Type:goblet')	0.307293	0.5810390000000001	-2.0200099999999996	0.47185	0.176267	0.48355699999999996
('Gene:Rab3d-95', 'Type:goblet')	-0.230386	0.424508	-1.5964399999999999	-0.07343480000000001	1.48747	-0.0117235
('Gene:Golga5-96', 'Type:goblet')	-0.613822	-0.492551	-0.122678	2.00679	-0.254866	-0.522874
('Gene:Cpd-97', 'Type:goblet')	0.78832	-1.2093200000000002	-0.269889	-0.175335	-0.670824	1.53705
('Gene:Tm9sf2-98', 'Type:goblet')	-0.377434	1.92409	-1.02311	-0.228212	-0.228212	-0.06712699999999999
('Gene:Syvn1-99', 'Type:goblet')	-1.97776	0.216123	0.705254	0.6819810000000001	0.11949100000000001	0.254914
('Gene:Ufsp2-100', 'Type:goblet')	0.5494140000000001	-0.485025	-0.560139	-0.427063	-0.869189	1.7919999999999998
('Gene:Stt3a-101', 'Type:goblet')	-0.233672	0.8153060000000001	-1.41856	1.43616	-0.414242	-0.184988
('Gene:Sdf2l1-102', 'Type:goblet')	0.273647	0.260778	-0.8380540000000001	-1.4132	1.44318	0.273647
('Gene:Slc39a11-103', 'Type:goblet')	-0.298442	-0.739987	1.91461	0.184132	-0.304777	-0.755534
('Gene:Rpn1-104', 'Type:goblet')	0.150867	1.3950799999999999	-0.200876	0.580886	-1.59487	-0.33108699999999996
('Gene:Golm1-105', 'Type:goblet')	0.34042100000000003	1.1447399999999999	-0.301451	-0.301451	-1.6664400000000001	0.784181
('Gene:Txndc5-106', 'Type:goblet')	1.42794	0.178368	0.16081800000000002	-1.6930599999999998	-0.167647	0.09357460000000001
('Gene:Uggt1-107', 'Type:goblet')	1.3195	0.47063599999999994	-0.155086	0.146814	-1.72888	-0.05298730000000001
('Gene:Sec23ip-108', 'Type:goblet')	0.245664	-0.661091	1.61437	-1.23095	0.45227700000000004	-0.420264
('Gene:Aacs-109', 'Type:goblet')	0.034736199999999995	1.77168	0.09032739999999999	-1.08212	-0.825039	0.0104192
('Gene:Tram1-110', 'Type:goblet')	-0.0700461	1.90432	-0.91817	-0.546646	0.096828	-0.466287
('Gene:Ehd4-111', 'Type:goblet')	-0.148281	0.149	1.6376	-0.606056	0.31272	-1.3449799999999998
('Gene:Ssr1-112', 'Type:goblet')	1.42759	-0.391498	0.09738010000000001	0.801413	-1.3449799999999998	-0.589904
('Gene:Spcs3-113', 'Type:goblet')	0.753271	-0.010451100000000001	0.43472700000000003	-0.7333029999999999	-1.56508	1.12084
('Gene:Slc39a7-114', 'Type:goblet')	-0.818326	1.59925	0.652399	-0.131698	-1.1420700000000001	-0.159551
('Gene:Sec61b-115', 'Type:goblet')	0.27176300000000003	1.67228	0.273704	-0.782309	-0.26359899999999997	-1.17184
('Gene:Arfip2-116', 'Type:goblet')	0.805127	0.9883	-1.10989	-1.29227	-0.0750633	0.683797
('Gene:Gcc2-117', 'Type:goblet')	-0.38604299999999997	1.31006	-0.0957461	-1.11694	-0.813868	1.1025399999999999
('Gene:Appl2-118', 'Type:goblet')	0.488471	1.21912	0.47913500000000003	-1.55274	-0.782604	0.148619
('Gene:Spcs2-119', 'Type:goblet')	0.375956	1.8597700000000001	-0.513285	-0.38738	-0.885718	-0.44933900000000004
('Gene:Tmed2-120', 'Type:goblet')	0.413631	1.56946	0.0332581	-0.11071600000000001	-1.4708	-0.434838
('Gene:Sec23b-121', 'Type:goblet')	0.25183	1.31905	0.9212290000000001	-0.48007	-0.789902	-1.22214
('Gene:Calr-122', 'Type:goblet')	1.13091	1.2452	-0.817243	-0.963259	-0.743556	0.147946
('Gene:Pdia3-123', 'Type:goblet')	1.21545	0.7281890000000001	0.705102	-1.2054799999999999	-0.704526	-0.738733
('Gene:Pdia6-124', 'Type:goblet')	1.67557	0.113043	0.550284	-0.8835860000000001	-0.591274	-0.864034
('Gene:Ier3ip1-125', 'Type:goblet')	-0.543871	1.66681	0.056483900000000004	0.588096	-0.9699399999999999	-0.797575
('Gene:Pdia4-126', 'Type:goblet')	0.958657	1.2824	0.234781	-0.812842	-1.24247	-0.420526
('Gene:Tmem214-127', 'Type:goblet')	0.357137	1.02444	0.209438	-1.21889	0.868492	-1.24062
('Gene:Yipf5-128', 'Type:goblet')	0.0223011	1.9023599999999998	-0.0505603	-0.6947220000000001	-0.9058120000000001	-0.273567
('Gene:Tmed3-129', 'Type:goblet')	0.558182	1.73931	-0.20577399999999998	-0.42513100000000004	-0.672999	-0.99359
('Gene:Camsap3-130', 'Type:goblet')	0.039390100000000004	0.338314	1.6317	-1.18556	-0.900092	0.0762437
('Gene:Wars-131', 'Type:goblet')	0.905266	0.48179799999999995	1.2537	-0.790859	-1.06649	-0.783419
('Gene:Tm9sf3-132', 'Type:goblet')	0.9241280000000001	1.35869	0.0431423	-0.337253	-1.31597	-0.6727310000000001
('Gene:Gnpnat1-133', 'Type:goblet')	0.6722060000000001	0.9081870000000001	0.64732	-1.78381	-0.11287799999999999	-0.331021
('Gene:Ank3-134', 'Type:goblet')	0.142706	1.3449200000000001	0.854166	-0.224068	-0.7862210000000001	-1.3315
('Gene:Srpr-135', 'Type:goblet')	0.691734	1.1844	0.49123100000000003	-1.06788	-1.31784	0.018357599999999998
('Gene:Ssr4-136', 'Type:goblet')	1.33406	1.16289	-0.769767	-0.142874	-0.7957609999999999	-0.788542
('Gene:St3gal6-137', 'Type:goblet')	0.616294	1.56466	0.07870049999999999	-0.621271	-1.28701	-0.35137399999999996
('Gene:Hm13-138', 'Type:goblet')	0.35657300000000003	1.2519799999999999	0.864196	-0.8543569999999999	-0.299771	-1.3186200000000001
('Gene:Slc12a8-139', 'Type:goblet')	0.745942	1.26414	0.583142	-0.6349279999999999	-1.2831700000000001	-0.675126
('Gene:Gorasp2-140', 'Type:goblet')	0.966354	1.06854	0.676505	-0.912158	-0.9892719999999999	-0.809964
('Gene:Slc35a1-141', 'Type:goblet')	0.888199	1.45784	-0.244195	-0.6755329999999999	-0.187494	-1.23882
('Gene:Slc30a7-142', 'Type:goblet')	0.662045	1.63347	-0.26867399999999997	-0.7319220000000001	-0.174612	-1.1203100000000001
('Gene:Msmo1-143', 'Type:goblet')	0.9576979999999999	1.47814	-1.00615	-0.656985	-0.10758	-0.665118
('Gene:Creld2-144', 'Type:goblet')	0.341005	1.1742299999999999	0.991383	-0.43145	-1.33985	-0.735321
('Gene:Asph-145', 'Type:goblet')	0.817079	1.20825	0.532447	-0.44765600000000005	-1.3399299999999998	-0.770197
('Gene:Syngr2-146', 'Type:goblet')	1.31084	0.578435	-1.04443	0.728117	-0.575533	-0.9974370000000001
('Gene:Sppl2a-147', 'Type:goblet')	-0.13193	1.4230399999999999	0.475839	0.47002200000000005	-1.05453	-1.18244
('Gene:Pdia5-148', 'Type:goblet')	0.986349	1.0249	0.604101	-1.34104	-0.663859	-0.610449
('Gene:Cltb-149', 'Type:goblet')	0.389303	1.0789600000000001	1.11944	-1.22512	-0.712021	-0.650566
('Gene:Cd9-150', 'Type:goblet')	0.361493	1.00305	0.493439	0.368032	-1.8224799999999999	-0.403539
('Gene:Srp9-151', 'Type:goblet')	0.8133670000000001	1.01169	0.7055779999999999	-0.58792	-0.43081400000000003	-1.5119
('Gene:S100a6-152', 'Type:goblet')	0.733444	0.9713	0.957354	-0.733689	-1.28391	-0.6444949999999999
('Gene:Edem3-153', 'Type:goblet')	0.432454	0.76537	1.30105	-0.41429799999999994	-1.35059	-0.733987
('Gene:Lss-154', 'Type:goblet')	1.06372	0.991943	0.626513	-0.744214	-1.14263	-0.795334
('Gene:Sil1-155', 'Type:goblet')	0.8658309999999999	1.06915	0.760195	-1.1667299999999998	-0.76737	-0.761079
('Gene:Srprb-156', 'Type:goblet')	0.875758	1.2101899999999999	0.598409	-0.956232	-0.826626	-0.9015
('Gene:Ppib-157', 'Type:goblet')	0.8848469999999999	1.1331	0.65261	-1.18451	-0.744656	-0.741391
('Gene:Sec61g-158', 'Type:goblet')	1.24464	0.795991	0.5532520000000001	-1.28757	-0.64537	-0.6609430000000001
('Gene:Manf-159', 'Type:goblet')	0.7957810000000001	0.645051	1.23804	-1.01007	-0.783327	-0.885468
('Gene:Galnt12-160', 'Type:goblet')	1.05502	0.930665	0.678679	-0.5329550000000001	-1.11416	-1.01725
('Gene:Bcat2-161', 'Type:goblet')	1.02041	0.749173	0.939197	-0.738113	-0.865241	-1.10542
('Gene:Mydgf-162', 'Type:goblet')	0.612474	1.1665299999999998	0.894619	-0.65968	-1.0237100000000001	-0.990238
('Gene:Naa20-163', 'Type:goblet')	0.7928850000000001	0.817797	1.0506	-0.5344260000000001	-1.22373	-0.903125
('Gene:Fam98a-164', 'Type:goblet')	0.9723290000000001	0.970282	0.78483	-1.01434	-0.8350360000000001	-0.8780680000000001
('Gene:Tnfaip8-165', 'Type:goblet')	0.9814940000000001	0.8069430000000001	0.835015	-0.856146	-1.3272700000000002	-0.440035
('Gene:Srm-166', 'Type:goblet')	1.06921	0.794532	0.856684	-0.977569	-0.9641620000000001	-0.778691
('Gene:Tmed9-167', 'Type:goblet')	0.9799829999999999	0.408557	1.23294	-0.700442	-1.0520399999999999	-0.8690030000000001
('Gene:Fkbp11-168', 'Type:goblet')	0.9524530000000001	0.680474	1.0045899999999999	-1.11176	-1.09499	-0.430766
('Gene:Asns-169', 'Type:goblet')	0.6617529999999999	1.0378399999999999	1.01142	-0.877656	-0.991247	-0.84211
('Gene:Sec62-170', 'Type:goblet')	0.44148699999999996	1.2851299999999999	0.9107350000000001	-0.819391	-0.9192899999999999	-0.898667
('Gene:Dnajc10-171', 'Type:goblet')	0.597692	1.23433	0.73943	-0.44170600000000004	-1.2987600000000001	-0.830992
('Gene:Stk38l-172', 'Type:goblet')	0.501323	0.270441	1.61195	-0.47424499999999997	-0.8338610000000001	-1.07561
('Gene:Ergic1-173', 'Type:goblet')	0.8515739999999999	1.11325	0.745358	-0.9704520000000001	-0.981273	-0.758459
('Gene:Tst-174', 'Type:goblet')	0.6728350000000001	0.9304209999999999	1.04798	-0.5375840000000001	-1.2309	-0.8827450000000001
('Gene:Cyp51a1-175', 'Type:goblet')	0.919481	1.1304	0.6458109999999999	-0.9291959999999999	-1.01745	-0.749047
('Gene:Anxa3-176', 'Type:goblet')	0.8903790000000001	1.04092	0.7916300000000001	-1.03355	-0.874851	-0.814523
('Gene:Yif1b-177', 'Type:goblet')	0.851764	1.13749	0.707869	-0.751761	-1.07794	-0.8674290000000001
('Gene:Galnt3-178', 'Type:goblet')	1.0256399999999999	0.932649	0.7134560000000001	-0.61455	-1.22292	-0.8342729999999999
('Gene:Impad1-179', 'Type:goblet')	1.27026	-0.0521567	0.7945989999999999	0.295456	-1.1291	-1.17905
('Gene:Ca8-180', 'Type:goblet')	0.8409760000000001	0.874704	0.899425	-0.7910229999999999	-0.448721	-1.3753600000000001
('Gene:Hid1-181', 'Type:goblet')	0.953822	1.03134	0.699019	-1.19305	-0.7079300000000001	-0.7832060000000001
('Gene:Itga2-182', 'Type:goblet')	0.895816	0.92175	0.9142170000000001	-0.83854	-1.0381799999999999	-0.855057
('Gene:Nfkb2-183', 'Type:goblet')	0.679098	0.5511520000000001	1.35412	-1.0015399999999999	-0.521555	-1.06128
('Gene:S100a14-184', 'Type:goblet')	0.80793	1.0567600000000001	0.8620049999999999	-0.834098	-0.965892	-0.926707
('Gene:Pcsk9-185', 'Type:goblet')	1.11115	0.48144	1.06326	-0.8708049999999999	-1.05306	-0.731981
('Gene:Scd2;Scd3-186', 'Type:goblet')	1.14009	1.07381	0.393321	-1.1244100000000001	-0.62146	-0.8613430000000001
('Gene:Tmsb10-187', 'Type:goblet')	0.668866	0.431184	1.45601	-0.686139	-1.05254	-0.8173779999999999
('Gene:Sh3bgrl2-188', 'Type:goblet')	0.977723	0.9666959999999999	0.7553810000000001	-0.691627	-1.1528	-0.855375
('Gene:Morf4l2-189', 'Type:goblet')	1.06323	1.07615	0.520889	-0.8919790000000001	-1.08549	-0.682793
('Gene:Slc1a5-190', 'Type:goblet')	0.924683	0.678557	1.09166	-0.9962280000000001	-1.01904	-0.679628
('Gene:Utp11l-191', 'Type:goblet')	0.923275	0.9711129999999999	0.816404	-1.14235	-0.745402	-0.8230350000000001
('Gene:Csrp1-192', 'Type:goblet')	0.9084200000000001	0.880114	0.947069	-0.8780450000000001	-0.8695809999999999	-0.987977
('Gene:Rfc1-193', 'Type:goblet')	0.844808	1.02757	0.85955	-0.942716	-0.9278059999999999	-0.861411
('Gene:Far1-194', 'Type:goblet')	0.9018200000000001	0.799304	0.998489	-0.6223420000000001	-0.983793	-1.09348
('Gene:Ghrl-195', 'Type:enteroendocrine')	-0.9059520000000001	-1.22943	-0.529414	1.00463	0.8378209999999999	0.82235
('Gene:Cck-196', 'Type:enteroendocrine')	-0.609383	-0.650996	-1.3658	0.721476	1.0022	0.902501
('Gene:Chgb-197', 'Type:enteroendocrine')	-1.01842	-1.01082	-0.687684	0.901652	0.969233	0.846035
('Gene:Vim-198', 'Type:enteroendocrine')	-0.0469725	-0.688091	-1.0720399999999999	-0.506949	1.6264	0.687652
('Gene:Tubb3-199', 'Type:enteroendocrine')	-0.0499684	-0.678728	-1.0256	1.56175	-0.62045	0.813
('Gene:Scg2-200', 'Type:enteroendocrine')	-0.756438	-0.408244	-1.2695299999999998	1.11893	1.17361	0.14166900000000002
('Gene:Fam160a2-201', 'Type:enteroendocrine')	-0.610587	-0.8723280000000001	-1.16523	0.783151	0.653172	1.2118200000000001
('Gene:Acadsb-202', 'Type:enteroendocrine')	-0.6782130000000001	-0.332746	-1.4340600000000001	0.965153	0.323839	1.15603
('Gene:Pafah1b1-203', 'Type:enteroendocrine')	-1.26663	-0.504676	-0.32064699999999996	-0.314556	1.3507799999999999	1.05574
('Gene:Mycbp2-204', 'Type:enteroendocrine')	1.31158	-0.584882	1.04314	-1.30257	-0.0858817	-0.381392
('Gene:Golim4-205', 'Type:enteroendocrine')	1.28616	1.1509200000000002	-0.28407899999999997	-0.9777530000000001	-0.970943	-0.204306
('Gene:Rpl24-206', 'Type:enteroendocrine')	0.85234	1.0242799999999999	0.848453	-0.793216	-1.03403	-0.897826
('Gene:Fabp5-207', 'Type:enteroendocrine')	0.798179	0.8750120000000001	1.03951	-0.703547	-1.04546	-0.963692
('Gene:Anxa6-208', 'Type:enteroendocrine')	0.889014	0.9332309999999999	0.9159719999999999	-0.915291	-0.8966049999999999	-0.926321
('Gene:Marcks-209', 'Type:enteroendocrine')	0.876642	0.939478	0.91876	-0.9436610000000001	-0.9664229999999999	-0.8247969999999999
('Gene:Trp53i11-210', 'Type:enteroendocrine')	0.822983	0.963123	0.938366	-1.07164	-0.836994	-0.815839
('Gene:Ace-211', 'Type:Enterocyte')	0	0	0	-1.0189	0.97996	0.038943
('Gene:H2-T3-212', 'Type:Enterocyte')	0	0	0	1.13497	-0.383431	-0.751542
('Gene:Dpep1-213', 'Type:Enterocyte')	0	0	0	-1.0305799999999998	0.0642671	0.966316
('Gene:Cd36-214', 'Type:Enterocyte')	0	0	0	1.14133	-0.418958	-0.722377
('Gene:Ggt1-215', 'Type:Enterocyte')	0	0	0	-0.751314	-0.38371500000000003	1.13503
('Gene:Lrrc19-216', 'Type:Enterocyte')	0	0	0	-0.253564	-0.8488100000000001	1.10237
('Gene:Dusp12-217', 'Type:Enterocyte')	-0.7071069999999999	0.7071069999999999	0	0	0	0
('Gene:Abcg8-218', 'Type:Enterocyte')	0	0	0	-1.01672	0.9823940000000001	0.034328
('Gene:Slc15a1-219', 'Type:Enterocyte')	0	0	0	-0.622595	-0.530891	1.15349
('Gene:Treh-220', 'Type:Enterocyte')	0	0	0	0.9612700000000001	0.07341289999999999	-1.0346799999999998
('Gene:Slc7a8-221', 'Type:Enterocyte')	0	0	0	1.0241	-0.9740120000000001	-0.0500927
('Gene:Adh4-222', 'Type:Enterocyte')	0	0	0	1.15441	-0.5549649999999999	-0.59945
('Gene:Slc26a3-223', 'Type:Enterocyte')	0	0	0	-0.5869810000000001	-0.567666	1.15465
('Gene:Rdh7-224', 'Type:Enterocyte')	-1.0339200000000002	-0.9645389999999999	-0.725251	0.9222600000000001	0.8734120000000001	0.928042
('Gene:Cyp2d26-225', 'Type:Enterocyte')	-0.834566	-0.9538770000000001	-0.947551	0.9306120000000001	0.899158	0.906224
('Gene:Ace2-226', 'Type:Enterocyte')	-1.0733700000000002	-0.8685229999999999	-0.7845979999999999	0.9108780000000001	0.904025	0.911587
('Gene:Enpep-227', 'Type:Enterocyte')	-0.867503	-0.8066220000000001	-1.05439	0.9401809999999999	0.862268	0.9260709999999999
('Gene:Cyp3a25-228', 'Type:Enterocyte')	-0.630975	-1.04301	-1.03369	0.932709	0.899652	0.8753110000000001
('Gene:Slc3a1-229', 'Type:Enterocyte')	-1.0099200000000002	-0.9140149999999999	-0.8072239999999999	0.851616	0.912858	0.9666819999999999
('Gene:Apoa1-230', 'Type:Enterocyte')	-0.756677	-1.05939	-0.907857	0.975281	0.8534879999999999	0.895158
('Gene:Aoc1-231', 'Type:Enterocyte')	-0.873577	-0.9224469999999999	-0.941592	0.9048139999999999	0.8930819999999999	0.9397209999999999
('Gene:Ugt2b17-232', 'Type:Enterocyte')	-0.9661049999999999	-0.883542	-0.887713	0.925258	0.906982	0.90512
('Gene:Mme-233', 'Type:Enterocyte')	-0.893231	-0.928276	-0.916902	0.906804	0.920796	0.910809
('Gene:Dhrs11-234', 'Type:Enterocyte')	-0.887899	-0.855783	-0.9918610000000001	0.890308	0.9086629999999999	0.9365709999999999
('Gene:Khk-235', 'Type:Enterocyte')	-0.916378	-0.9389370000000001	-0.879875	0.8658370000000001	0.8732260000000001	0.996128
('Gene:Arg2-236', 'Type:Enterocyte')	-0.8647100000000001	-0.91048	-0.961823	0.900574	0.9395629999999999	0.896876
('Gene:Slc26a6-237', 'Type:Enterocyte')	-0.904553	-0.712715	-1.10027	0.8998799999999999	0.8814870000000001	0.9361719999999999
('Gene:Pbld2-238', 'Type:Enterocyte')	-0.9019969999999999	-0.994451	-0.838775	0.904276	0.9117219999999999	0.9192239999999999
('Gene:Mep1b-239', 'Type:Enterocyte')	-0.90764	-0.956808	-0.87279	0.941709	0.8886139999999999	0.9069149999999999
('Gene:Reg3b-240', 'Type:Enterocyte')	-1.47475	0	0	0.37059000000000003	0.749827	0.35432800000000003
('Gene:Bche-241', 'Type:Enterocyte')	-0.927243	-0.8878450000000001	-0.9231940000000001	0.9227780000000001	0.900156	0.915349
('Gene:Slc2a2-242', 'Type:Enterocyte')	-0.762892	-1.0035399999999999	-0.93027	1.06494	1.0159799999999999	0.615788
('Gene:Npc1l1-243', 'Type:Enterocyte')	-0.994135	-0.905974	-0.8262879999999999	0.8497540000000001	1.05053	0.8261139999999999
('Gene:Fabp1-244', 'Type:Enterocyte')	-0.966701	-0.919278	-0.850289	0.937759	0.880274	0.918234
('Gene:Abcg5-245', 'Type:Enterocyte')	-1.02292	-0.889496	-0.818934	0.884833	0.968118	0.878402
('Gene:Slc5a1-246', 'Type:Enterocyte')	-0.8932379999999999	-0.8657	-0.977783	0.9123459999999999	0.905777	0.9185979999999999
('Gene:Shpk-247', 'Type:Enterocyte')	-0.9091670000000001	-0.81897	-0.995217	0.7550640000000001	1.03435	0.933944
('Gene:Ces1f-248', 'Type:Enterocyte')	-0.80375	-0.9729909999999999	-0.957058	0.904849	0.918716	0.910234
('Gene:Aldh1a1-249', 'Type:Enterocyte')	-0.8752559999999999	-0.9469049999999999	-0.915326	0.8805860000000001	0.927127	0.929774
('Gene:Rbp2-250', 'Type:Enterocyte')	-0.8247709999999999	-1.01247	-0.896124	0.909116	0.887666	0.936579
('Gene:Papss2-251', 'Type:Enterocyte')	-0.911423	-0.9253100000000001	-0.9017850000000001	0.913308	0.918316	0.9068940000000001
('Gene:Ephx2-252', 'Type:Enterocyte')	-0.8800530000000001	-0.991958	-0.8636379999999999	0.8856620000000001	0.92891	0.921077
('Gene:Cyp4v2-253', 'Type:Enterocyte')	-0.947311	-1.05085	-0.72285	0.9564219999999999	0.8365549999999999	0.9280309999999999
('Gene:Abat-254', 'Type:Enterocyte')	-0.7963979999999999	-0.819399	-1.0805799999999999	1.1416600000000001	0.691538	0.863181
('Gene:Fmo5-255', 'Type:Enterocyte')	-0.8986200000000001	-0.87279	-0.965512	0.882958	0.9147129999999999	0.9392510000000001
('Gene:Btnl1-256', 'Type:Enterocyte')	-0.279416	-1.15668	-1.1569399999999999	0.812847	0.901015	0.8791770000000001
('Gene:Dpyd-257', 'Type:Enterocyte')	-1.12237	-0.8737030000000001	-0.719406	0.896682	0.935134	0.8836649999999999
('Gene:Sult1d1-258', 'Type:Enterocyte')	-0.882199	-0.910382	-0.945291	0.8932680000000001	0.9136799999999999	0.930923
('Gene:Gda-259', 'Type:Enterocyte')	-1.01675	-0.80574	-0.887074	1.04029	0.999964	0.6693100000000001
('Gene:St3gal4-260', 'Type:Enterocyte')	-1.0120799999999999	-0.947376	-0.770237	0.922551	0.882151	0.9249930000000001
('Gene:Maob-261', 'Type:Enterocyte')	-0.8902899999999999	-0.9023120000000001	-0.94545	0.903543	0.9282549999999999	0.9062540000000001
('Gene:Tm6sf2-262', 'Type:Enterocyte')	-0.892234	-0.8407049999999999	-1.00125	0.887179	0.893292	0.953716
('Gene:Sult1b1-263', 'Type:Enterocyte')	-0.883815	-0.89315	-0.9602069999999999	0.8844	0.9438780000000001	0.9088930000000001
('Gene:S100g-264', 'Type:Enterocyte')	-0.6397579999999999	-1.3189	-0.70109	0.908106	0.854426	0.8972129999999999
('Gene:Xdh-265', 'Type:Enterocyte')	-0.9669399999999999	-0.9133629999999999	-0.8564639999999999	0.9153319999999999	0.893098	0.9283370000000001
('Gene:Aldob-266', 'Type:Enterocyte')	-0.940276	-0.880123	-0.9176979999999999	0.916165	0.9138040000000001	0.9081290000000001
('Gene:Cobl-267', 'Type:Enterocyte')	-0.578287	-1.2561799999999999	-0.831923	1.01754	0.844031	0.804812
('Gene:Apoa4-268', 'Type:Enterocyte')	-0.909048	-0.8991450000000001	-0.9291510000000001	0.885191	0.9651350000000001	0.8870180000000001
('Gene:Pfkfb4-269', 'Type:Enterocyte')	-0.987934	-0.706242	-1.0039799999999999	0.756463	1.14392	0.7977770000000001
('Gene:Cyp4f14-270', 'Type:Enterocyte')	-1.17812	-0.750206	-0.719279	1.2412	0.737032	0.669373
('Gene:Apob-271', 'Type:Enterocyte')	-0.860293	-0.970233	-0.906275	0.9287719999999999	0.896676	0.9113530000000001
('Gene:Abcc2-272', 'Type:Enterocyte')	-0.846504	-0.841642	-1.04314	0.903106	0.9240219999999999	0.9041610000000001
('Gene:Ugt1a1-273', 'Type:Enterocyte')	-0.9896209999999999	-0.88287	-0.863559	0.907953	0.9213790000000001	0.906718
('Gene:Fmo4-274', 'Type:Enterocyte')	0.239634	-1.2933700000000001	-1.2261600000000001	0.657551	0.905849	0.716496
('Gene:Ces2a-275', 'Type:Enterocyte')	-0.877991	-0.88512	-0.973664	0.890098	0.911343	0.935334
('Gene:Agpat9-276', 'Type:Enterocyte')	-1.16107	-0.721748	-0.795719	0.9652709999999999	1.07847	0.634795
('Gene:Aldh1a7-277', 'Type:Enterocyte')	-0.924794	-0.95	-0.862641	0.9147049999999999	0.9001790000000001	0.92255
('Gene:Naip1-278', 'Type:Enterocyte')	-0.676951	-0.539683	-1.40162	0.8936069999999999	0.852667	0.871984
('Gene:Cyp3a13-279', 'Type:Enterocyte')	-0.8856879999999999	-0.90435	-0.946961	0.871841	0.9056040000000001	0.9595540000000001
('Gene:Slc25a45-280', 'Type:Enterocyte')	-1.45729	0	0	0.156832	0.705469	0.594992
('Gene:Cda-281', 'Type:Enterocyte')	-0.911331	-0.926942	-0.8986559999999999	0.961427	0.855138	0.920364
('Gene:Dak-282', 'Type:Enterocyte')	-0.930696	-0.9034270000000001	-0.904314	0.910223	0.905374	0.92284
('Gene:Anpep-283', 'Type:Enterocyte')	-0.9115719999999999	-0.90935	-0.916652	0.944751	0.8632059999999999	0.929617
('Gene:Abcg2-284', 'Type:Enterocyte')	-1.01086	-0.9930770000000001	-0.714029	0.9970899999999999	0.800327	0.920549
('Gene:Crat-285', 'Type:Enterocyte')	-0.9266270000000001	-0.846917	-0.963041	0.9274379999999999	0.9039379999999999	0.905208
('Gene:Gstm6-286', 'Type:Enterocyte')	-0.9182870000000001	-0.848311	-0.9176200000000001	1.25377	0.72053	0.709914
('Gene:Gsta1-287', 'Type:Enterocyte')	-0.921566	-0.908665	-0.9082899999999999	0.923119	0.913429	0.9019729999999999
('Gene:Lipe-288', 'Type:Enterocyte')	-0.8996190000000001	-0.47048900000000005	-1.21735	0.44965	1.06206	1.07575
('Gene:Dgat1-289', 'Type:Enterocyte')	-0.86754	-0.896752	-0.9726950000000001	0.915676	0.9142870000000001	0.9070229999999999
('Gene:Gstm3-290', 'Type:Enterocyte')	-0.8936639999999999	-0.87321	-0.9701770000000001	0.900624	0.9298059999999999	0.9066209999999999
('Gene:Ces2e-291', 'Type:Enterocyte')	-0.909525	-0.871624	-0.9536680000000001	0.8293520000000001	0.9656389999999999	0.939824
('Gene:Mttp-292', 'Type:Enterocyte')	-0.894859	-0.906431	-0.9364549999999999	0.912378	0.879167	0.9462010000000001
('Gene:Maoa-293', 'Type:Enterocyte')	-0.8901459999999999	-0.90451	-0.943372	0.906608	0.898924	0.9324959999999999
('Gene:Smpdl3a-294', 'Type:Enterocyte')	-1.0864	-0.9738610000000001	-0.6453909999999999	0.957377	0.803457	0.9448190000000001
('Gene:Pm20d1-295', 'Type:Enterocyte')	-0.770516	-0.951486	-1.00773	0.941314	0.8850129999999999	0.9034049999999999
('Gene:Cmbl-296', 'Type:Enterocyte')	-0.9816280000000001	-0.834522	-0.9192959999999999	0.900457	0.9023180000000001	0.9326700000000001
('Gene:Naprt-297', 'Type:Enterocyte')	-1.0796700000000001	-0.730883	-0.911125	0.892754	0.8989229999999999	0.930001
('Gene:Acad11-298', 'Type:Enterocyte')	-1.00672	-0.787624	-0.937333	0.906274	0.9030299999999999	0.922374
('Gene:Ccl25-299', 'Type:Enterocyte')	-0.8409709999999999	-1.0657	-0.798892	1.01815	0.672636	1.01478
('Gene:Ces2c-300', 'Type:Enterocyte')	-0.856642	-0.901992	-0.976893	0.861764	0.929074	0.9446889999999999
('Gene:Thnsl2-301', 'Type:Enterocyte')	-0.8705649999999999	-0.970615	-0.8918969999999999	0.849413	1.00871	0.874951
('Gene:Gramd3-302', 'Type:Enterocyte')	-0.801295	-1.0258200000000002	-0.8803110000000001	1.00891	1.03674	0.661776
('Gene:Ugt2a3-303', 'Type:Enterocyte')	-0.9292299999999999	-0.8739469999999999	-0.928357	0.8522540000000001	0.8428950000000001	1.03639
('Gene:Ms4a10-304', 'Type:Enterocyte')	-1.4966	0	0	0.507326	0.5767329999999999	0.41253999999999996
('Gene:Hpgd-305', 'Type:Enterocyte')	-1.49522	0	0	0.409004	0.483522	0.602694
('Gene:Mogat2-306', 'Type:Enterocyte')	-1.0144	-0.834292	-0.8846350000000001	0.924293	0.874984	0.934052
('Gene:Hectd3-307', 'Type:Enterocyte')	-0.9776790000000001	-0.96473	-0.769468	1.0317100000000001	0.990835	0.689333
('Gene:Retsat-308', 'Type:Enterocyte')	-0.9974149999999999	-0.837152	-0.899523	0.907244	0.8720469999999999	0.954799
('Gene:Sult2b1-309', 'Type:Enterocyte')	-0.938042	-1.12307	-0.616931	0.691922	1.10943	0.876692
('Gene:Fahd1-310', 'Type:Enterocyte')	-0.452758	-1.5166	-0.530883	0.965518	0.5402319999999999	0.9944930000000001
('Gene:Cyp2j6-311', 'Type:Enterocyte')	-0.953384	-0.8322219999999999	-0.9490569999999999	0.854835	0.931608	0.948219
('Gene:Hkdc1-312', 'Type:Enterocyte')	-0.959158	-0.8404159999999999	-0.935477	0.964039	0.9077139999999999	0.863298
('Gene:Bpnt1-313', 'Type:Enterocyte')	-0.9147270000000001	-0.9035270000000001	-0.918867	0.905134	0.864816	0.9671719999999999
('Gene:Gpd1-314', 'Type:Enterocyte')	-0.959699	-0.853089	-0.92335	0.913552	0.871575	0.951011
('Gene:Hnf4g-315', 'Type:Enterocyte')	-0.8592700000000001	-0.931328	-0.9463959999999999	0.8806700000000001	0.934089	0.922234
('Gene:Tmem135-316', 'Type:Enterocyte')	-0.8914860000000001	-0.86434	-0.8858739999999999	1.18502	0.405724	1.0509600000000001
('Gene:Tmem236-317', 'Type:Enterocyte')	-0.7710779999999999	-0.9809129999999999	-0.978582	0.9000879999999999	0.907157	0.923328
('Gene:Rab17-318', 'Type:Enterocyte')	-1.05974	-0.8623700000000001	-0.804491	0.932364	0.9566950000000001	0.8375469999999999
('Gene:Dnm1-319', 'Type:Enterocyte')	-0.7894680000000001	-1.1145399999999999	-0.751664	1.26518	0.7277560000000001	0.662741
('Gene:Gpt-320', 'Type:Enterocyte')	-1.0392299999999999	-0.947284	-0.737522	0.8610959999999999	0.9001370000000001	0.962801
('Gene:Entpd5-321', 'Type:Enterocyte')	-0.871109	-0.901431	-0.962384	0.8351790000000001	0.963443	0.9363020000000001
('Gene:Casp1-322', 'Type:Enterocyte')	-0.798621	-1.0020200000000001	-0.931701	0.9116129999999999	0.937887	0.8828459999999999
('Gene:Agmo-323', 'Type:Enterocyte')	-0.8756950000000001	-0.768732	-1.07736	0.9929879999999999	0.8879799999999999	0.8408180000000001
('Gene:Zzef1-324', 'Type:Enterocyte')	-1.2268700000000001	-0.64627	-0.81617	0.904719	0.8860129999999999	0.898582
('Gene:Galm-325', 'Type:Enterocyte')	-0.957477	-0.9372229999999999	-0.841362	0.881815	0.938219	0.9160280000000001
('Gene:Fam213b-326', 'Type:Enterocyte')	-0.963566	-0.822507	-0.9462969999999999	0.9950389999999999	0.8805280000000001	0.8568030000000001
('Gene:Casp7-327', 'Type:Enterocyte')	-0.995066	-0.9364379999999999	-0.799775	0.912474	0.851715	0.967089
('Gene:Hsd17b2-328', 'Type:Enterocyte')	-1.0261200000000001	-0.783231	-0.9204899999999999	0.9425969999999999	0.912535	0.8747090000000001
('Gene:Hagh-329', 'Type:Enterocyte')	-0.8030729999999999	-0.990959	-0.9391149999999999	0.883914	0.9253370000000001	0.9238959999999999
('Gene:Hadh-330', 'Type:Enterocyte')	-0.9578899999999999	-0.822202	-0.9540700000000001	0.9453879999999999	0.930198	0.858577
('Gene:Cideb-331', 'Type:Enterocyte')	-1.14496	-1.02047	0	0.8871459999999999	0.7869079999999999	0.49137700000000006
('Gene:Idh1-332', 'Type:Enterocyte')	-0.962824	-0.7994399999999999	-0.97	0.8567319999999999	0.928666	0.946866
('Gene:37316-333', 'Type:Enterocyte')	-0.9579690000000001	-0.789784	-0.9846290000000001	0.8973469999999999	0.9256549999999999	0.90938
('Gene:Acaa1a-334', 'Type:Enterocyte')	-0.874806	-0.919026	-0.94344	0.952575	0.897769	0.886927
('Gene:Akr1b7-335', 'Type:Enterocyte')	-0.922969	-0.9059370000000001	-0.90905	0.951209	0.8916440000000001	0.8951020000000001
('Gene:Ehhadh-336', 'Type:Enterocyte')	-0.888654	-0.862331	-0.98372	0.9746049999999999	0.8717010000000001	0.8883989999999999
('Gene:Sec23a-337', 'Type:Enterocyte')	-0.972411	-0.86234	-0.89974	0.8707739999999999	0.875801	0.987917
('Gene:Acaa2-338', 'Type:Enterocyte')	-0.904539	-0.819723	-1.00864	0.876237	0.9518049999999999	0.904863
('Gene:Krt20-339', 'Type:Enterocyte')	-0.8594450000000001	-0.8608370000000001	-1.0122799999999998	0.939735	0.84457	0.94826
('Gene:Nlrp6-340', 'Type:Enterocyte')	-0.83672	-1.16345	-0.705724	0.9017950000000001	0.8402930000000001	0.9638040000000001
('Gene:Gnpda1-341', 'Type:Enterocyte')	-0.385328	-1.0354	-1.19699	0.732491	1.0712899999999999	0.813936
('Gene:Hdhd3-342', 'Type:Enterocyte')	-0.909136	-0.879232	-0.949378	0.8933540000000001	0.930272	0.91412
('Gene:Acox1-343', 'Type:Enterocyte')	-0.867283	-0.9038940000000001	-0.965672	0.897761	0.8952889999999999	0.9437979999999999
('Gene:Acot11-344', 'Type:Enterocyte')	-1.06735	-0.789478	-0.8696649999999999	0.895076	0.8770969999999999	0.9543159999999999
('Gene:Gna11-345', 'Type:Enterocyte')	-0.8724639999999999	-0.894972	-0.969565	0.9286409999999999	0.891625	0.9167360000000001
('Gene:Tmem120a-346', 'Type:Enterocyte')	-1.03765	-0.43124799999999996	-1.1798600000000001	0.819204	0.898898	0.930658
('Gene:Cndp2-347', 'Type:Enterocyte')	-0.9650479999999999	-0.8754149999999999	-0.896913	0.90548	0.9216489999999999	0.9102469999999999
('Gene:Ugt1a7c-348', 'Type:Enterocyte')	-0.8575379999999999	-0.8671190000000001	-1.0098200000000002	0.900328	0.93047	0.9036780000000001
('Gene:Ctss-349', 'Type:Enterocyte')	-1.1068799999999999	0	-0.886948	1.24069	0.0891575	0.663982
('Gene:Abr-350', 'Type:Enterocyte')	-0.927406	-0.972794	-0.811696	1.0827	0.6816369999999999	0.947557
('Gene:Acsl5-351', 'Type:Enterocyte')	-0.898755	-0.871099	-0.966093	0.855834	0.950628	0.929486
('Gene:Pttg1ip-352', 'Type:Enterocyte')	-1.09859	-0.708259	-0.735005	0.22637100000000002	1.05964	1.25585
('Gene:Acp5-353', 'Type:Enterocyte')	-0.73155	-0.785554	-1.18618	0.8446450000000001	0.9303239999999999	0.92832
('Gene:Tep1-354', 'Type:Enterocyte')	-0.8455600000000001	-1.0156100000000001	-0.8396459999999999	1.0914	0.981187	0.628236
('Gene:Itfg3-355', 'Type:Enterocyte')	-0.873828	-0.879553	-0.9831139999999999	0.9192629999999999	0.9019860000000001	0.9152459999999999
('Gene:Trim31-356', 'Type:Enterocyte')	-0.910725	-1.07514	-0.735846	0.880188	0.9584239999999999	0.8831030000000001
('Gene:Scp2-357', 'Type:Enterocyte')	-0.930788	-0.834032	-0.970776	0.885382	0.931069	0.9191450000000001
('Gene:Slc27a4-358', 'Type:Enterocyte')	-0.85795	-0.809697	-1.05865	0.827169	0.9532450000000001	0.945881
('Gene:Cyb5r3-359', 'Type:Enterocyte')	-0.794555	-0.803736	-1.11704	0.801259	0.980143	0.9339270000000001
('Gene:Lrp1-360', 'Type:Enterocyte')	-1.68839	-0.0409871	-0.566663	0.768664	0.577596	0.949781
('Gene:Prap1-361', 'Type:Enterocyte')	-0.931637	-0.92337	-0.8819319999999999	0.957535	0.8612129999999999	0.918191
('Gene:Mical2-362', 'Type:Enterocyte')	-0.778373	-0.891001	-0.9442389999999999	1.01728	0.351141	1.2452
('Gene:Ugdh-363', 'Type:Enterocyte')	-0.912809	-0.9880030000000001	-0.833749	0.8903209999999999	0.955356	0.888884
('Gene:Tspan15-364', 'Type:Enterocyte')	-0.9051629999999999	-0.653439	-1.1244299999999998	1.13795	0.752881	0.792199
('Gene:Slc43a2-365', 'Type:Enterocyte')	0	0	-1.49013	0.44761899999999993	0.38756799999999997	0.654941
('Gene:Slc7a7-366', 'Type:Enterocyte')	-1.04121	-0.9587950000000001	-0.722152	0.910186	0.855743	0.956224
('Gene:Klc4-367', 'Type:Enterocyte')	-0.8987129999999999	-0.876813	-0.9618329999999999	0.9231229999999999	0.891225	0.923012
('Gene:Myo7a-368', 'Type:Enterocyte')	-1.0802	-1.00701	-0.5860609999999999	0.843097	0.7028949999999999	1.1272799999999998
('Gene:Gsta4-369', 'Type:Enterocyte')	-0.9191010000000001	-0.829677	-0.9861969999999999	0.9081450000000001	0.9348920000000001	0.8919379999999999
('Gene:Soat2-370', 'Type:Enterocyte')	-0.932773	-0.9686319999999999	-0.827522	0.793138	1.01365	0.9221389999999999
('Gene:Reep6-371', 'Type:Enterocyte')	-0.8306209999999999	-0.844888	-1.04741	0.8586540000000001	1.04198	0.82229
('Gene:Dhrs1-372', 'Type:Enterocyte')	-0.785914	-0.893309	-1.04485	0.877918	0.828941	1.01722
('Gene:Abcb1a-373', 'Type:Enterocyte')	-0.919402	-0.8581110000000001	-0.9584159999999999	0.935117	0.856383	0.9444290000000001
('Gene:Agpat2-374', 'Type:Enterocyte')	-0.7583340000000001	-1.27352	-0.6313489999999999	0.726831	0.9416110000000001	0.994764
('Gene:Acy1-375', 'Type:Enterocyte')	-0.9816	-0.8838280000000001	-0.869762	0.863282	0.963799	0.908108
('Gene:Chp2-376', 'Type:Enterocyte')	0	0	-1.49885	0.48563199999999995	0.553092	0.46012200000000003
('Gene:Decr1-377', 'Type:Enterocyte')	-0.901156	-0.912235	-0.923198	0.979777	0.866265	0.890547
('Gene:Mpp1-378', 'Type:Enterocyte')	-0.8745959999999999	-0.974426	-0.885041	0.945521	0.9607020000000001	0.8278399999999999
('Gene:Acadm-379', 'Type:Enterocyte')	-0.909954	-0.854115	-0.971719	0.871238	0.9110030000000001	0.9535469999999999
('Gene:Mvp-380', 'Type:Enterocyte')	-0.8636590000000001	-0.9341459999999999	-0.9391360000000001	0.8894850000000001	0.894099	0.953357
('Gene:Epb41l3-381', 'Type:Enterocyte')	-0.94409	-0.926931	-0.866187	0.946218	0.889858	0.9011309999999999
('Gene:Galt-382', 'Type:Enterocyte')	-1.02931	-0.835247	-0.819269	0.92099	1.17269	0.5901430000000001
('Gene:Pgm1-383', 'Type:Enterocyte')	-0.9381	-0.82325	-0.9733879999999999	0.887533	0.901857	0.945348
('Gene:Coro2a-384', 'Type:Enterocyte')	-0.89515	-0.84086	-0.9985860000000001	0.8828	0.9428790000000001	0.908916
('Gene:Ckmt1-385', 'Type:Enterocyte')	-0.924848	-0.8350799999999999	-0.9743850000000001	0.972374	0.889553	0.8723850000000001
('Gene:Gpr128-386', 'Type:Enterocyte')	-0.8703629999999999	-0.8884850000000001	-0.9745969999999999	0.8195870000000001	0.962925	0.9509340000000001
('Gene:Bcl2l15-387', 'Type:Enterocyte')	-0.868001	-0.9139940000000001	0	-0.00820696	0.259211	1.53099
('Gene:Gstk1-388', 'Type:Enterocyte')	-0.9630559999999999	-0.907515	-0.864843	0.9741200000000001	0.903	0.858294
('Gene:Tmem253-389', 'Type:Enterocyte')	-0.526461	-0.840694	-1.0228700000000002	1.6155700000000002	0.214263	0.560194
('Gene:Vmp1-390', 'Type:Enterocyte')	-0.6238130000000001	-0.8731459999999999	-1.17972	0.775316	0.795697	1.10566
('Gene:Rmdn3-391', 'Type:Enterocyte')	-0.88102	-0.85654	-0.9941270000000001	0.882857	0.842777	1.00605
('Gene:Ggact-392', 'Type:Enterocyte')	-0.980417	-0.580376	-1.09322	0.562664	1.00461	1.08674
('Gene:Erbb3-393', 'Type:Enterocyte')	-0.9745799999999999	-0.9789389999999999	-0.7272460000000001	0.737463	0.715795	1.22751
('Gene:Casp6-394', 'Type:Enterocyte')	-1.23474	-0.378066	-0.924027	0.408758	1.21767	0.9104120000000001
('Gene:Ccs-395', 'Type:Enterocyte')	-1.07457	-0.789154	-0.860405	0.8748379999999999	0.983634	0.865657
('Gene:Snx9-396', 'Type:Enterocyte')	-0.9702149999999999	-0.9026719999999999	-0.8620899999999999	0.884127	0.980923	0.8699290000000001
('Gene:Txndc17-397', 'Type:Enterocyte')	-0.781528	-1.0381200000000002	-0.899593	0.8489180000000001	0.8075760000000001	1.06274
('Gene:Pex11a-398', 'Type:Enterocyte')	-1.04901	-1.13429	0	0.648856	0.852872	0.681577
('Gene:Gsdmdc1-399', 'Type:Enterocyte')	-1.02321	-0.9766739999999999	-0.716042	0.769935	0.963227	0.982764
('Gene:Stom-400', 'Type:Enterocyte')	-0.43206999999999995	-1.3804100000000001	-0.763346	1.01891	0.5849300000000001	0.9719899999999999
('Gene:Aldh9a1-401', 'Type:Enterocyte')	-0.8927799999999999	-0.889819	-0.9537469999999999	0.8695459999999999	0.895	0.971801
('Gene:Hsd17b4-402', 'Type:Enterocyte')	-0.9290889999999999	-0.789034	-1.0134	0.9141940000000001	0.900064	0.917264
('Gene:Pls1-403', 'Type:Enterocyte')	-1.02998	-0.764252	-0.9329209999999999	0.848325	0.9332889999999999	0.9455370000000001
('Gene:Ccdc134-404', 'Type:Enterocyte')	-0.8318200000000001	-1.03277	-0.852877	0.8959360000000001	0.748966	1.07257
('Gene:Pcyt1a-405', 'Type:Enterocyte')	-0.827401	-1.02485	-0.878878	0.851934	0.9638	0.9153979999999999
('Gene:Mylk-406', 'Type:Enterocyte')	-0.900832	-0.973044	-0.861605	0.9498790000000001	0.854935	0.930667
('Gene:Sar1b-407', 'Type:Enterocyte')	-1.01516	-0.8101970000000001	-0.901342	0.880602	1.0258399999999999	0.820254
('Gene:Frk-408', 'Type:Enterocyte')	-0.822232	-0.957092	-0.9497959999999999	0.8802059999999999	1.02884	0.8200709999999999
('Gene:Lypla1-409', 'Type:Enterocyte')	-0.871131	-1.04936	-0.801449	0.861944	1.04157	0.818433
('Gene:Adipor2-410', 'Type:Enterocyte')	-1.19791	-0.19853800000000002	-1.03764	1.36861	0.596641	0.468837
('Gene:Bco2-411', 'Type:Enterocyte')	-0.527107	-1.05723	-1.07756	1.00821	0.9992559999999999	0.6544270000000001
('Gene:Aldh1l1-412', 'Type:Enterocyte')	-0.97862	-0.8738370000000001	-0.881724	0.862196	0.882476	0.989509
('Gene:Mdh2-413', 'Type:Enterocyte')	-0.751398	-0.9056709999999999	-1.06634	0.845937	0.9373889999999999	0.9400870000000001
('Gene:Abhd3-414', 'Type:Enterocyte')	-0.372949	-1.2837100000000001	-0.817379	0.91891	0.281948	1.27318
('Gene:Ilvbl-415', 'Type:Enterocyte')	-0.8706079999999999	-0.5596439999999999	-1.23824	0.915792	0.77403	0.9786729999999999
('Gene:Faah-416', 'Type:Enterocyte')	-0.789024	-1.16683	-0.65937	0.794335	1.29281	0.528076
('Gene:Ogdh-417', 'Type:Enterocyte')	-0.978708	-0.71955	-1.02282	0.9023540000000001	0.8383450000000001	0.980381
('Gene:Lpcat3-418', 'Type:Enterocyte')	-1.0261200000000001	-0.529537	-1.12194	1.0009	0.822766	0.853925
('Gene:Tor1aip2-419', 'Type:Enterocyte')	-0.953527	-0.7294579999999999	-1.0340799999999999	0.827599	0.846241	1.04322
('Gene:Akr7a2-420', 'Type:Enterocyte')	-1.0226600000000001	-0.90561	-0.784996	0.721118	1.07815	0.913997
('Gene:Abcd3-421', 'Type:Enterocyte')	-0.845454	-0.706923	-1.14135	0.727527	1.08439	0.881814
('Gene:Sgpl1-422', 'Type:Enterocyte')	-0.9069719999999999	-0.793867	-1.02846	0.965922	0.852453	0.910919
('Gene:Plin3-423', 'Type:Enterocyte')	-1.0653	-0.921168	-0.729748	0.788862	1.0106899999999999	0.9166639999999999
('Gene:Parp9-424', 'Type:Enterocyte')	-1.15667	-0.9038069999999999	-0.49544499999999997	1.34364	0.778755	0.433526
('Gene:Rfk-425', 'Type:Enterocyte')	-0.8774549999999999	-0.787791	-1.05833	0.9095270000000001	0.815433	0.9986139999999999
('Gene:Vat1-426', 'Type:Enterocyte')	-0.8705780000000001	-0.8879610000000001	-0.9689540000000001	1.05154	0.885922	0.790027
('Gene:Hadha-427', 'Type:Enterocyte')	-0.816475	-0.8841889999999999	-1.03052	0.866293	0.9215479999999999	0.943342
('Gene:Ap2a2-428', 'Type:Enterocyte')	-0.982453	-0.7313189999999999	-1.00652	0.9364110000000001	0.7947310000000001	0.989149
('Gene:Sqrdl-429', 'Type:Enterocyte')	-0.921093	-0.761679	-1.04213	0.828017	0.929759	0.967126
('Gene:Cdh17-430', 'Type:Enterocyte')	-0.8881540000000001	-0.91635	-0.926019	1.03061	0.7909430000000001	0.908968
('Gene:Spint1-431', 'Type:Enterocyte')	-0.484241	-1.18429	-0.730896	0.172311	1.51295	0.71417
('Gene:Atp6v0a2-432', 'Type:Enterocyte')	-1.06141	-0.870822	-0.785507	0.911278	0.769147	1.03732
('Gene:Pepd-433', 'Type:Enterocyte')	-0.970799	-0.842987	-0.9219729999999999	0.8749600000000001	0.9350639999999999	0.9257350000000001
('Gene:Atp1a1-434', 'Type:Enterocyte')	-0.894	-0.699646	-1.10811	0.983714	0.717908	1.00013
('Gene:Dnpep-435', 'Type:Enterocyte')	-0.9470280000000001	-1.0063799999999998	-0.762559	0.728009	1.03165	0.95631
('Gene:Nipsnap3b-436', 'Type:Enterocyte')	-1.14236	-0.651683	-0.828829	1.24526	0.893483	0.48413
('Gene:Sfxn1-437', 'Type:Enterocyte')	-1.00768	-0.904803	-0.80929	1.01558	0.743544	0.9626469999999999
('Gene:Acp6-438', 'Type:Enterocyte')	-1.1151799999999998	-0.559533	-1.01387	0.951459	0.842931	0.894186
('Gene:Dqx1-439', 'Type:Enterocyte')	0	0	-1.43486	0.191083	0.877994	0.36578099999999997
('Gene:Abhd6-440', 'Type:Enterocyte')	-1.22269	-0.127058	-1.07859	0.320264	1.0319	1.07617
('Gene:Cyb5b-441', 'Type:Enterocyte')	-1.0675	-0.700128	-0.9037959999999999	0.856043	1.20163	0.613746
('Gene:Xpnpep1-442', 'Type:Enterocyte')	-1.09576	-0.831565	-0.745425	1.2083899999999999	0.8315620000000001	0.6328010000000001
('Gene:Gpi-443', 'Type:Enterocyte')	-1.07978	-0.824802	-0.821282	0.868237	0.9335110000000001	0.9241159999999999
('Gene:Optn-444', 'Type:Enterocyte')	-0.799024	-0.9959040000000001	-0.9215479999999999	0.870168	1.0947200000000001	0.751592
('Gene:Rufy3-445', 'Type:Enterocyte')	0	-1.4608	-0.549491	0.994108	0.680667	0.335515
('Gene:Pld1-446', 'Type:Enterocyte')	-0.8913770000000001	-0.872232	-0.9571350000000001	1.10855	0.79967	0.812519
('Gene:Slc46a1-447', 'Type:Enterocyte')	-1.13871	-0.424703	-1.0766200000000001	1.0274	0.743069	0.869566
('Gene:Ttyh2-448', 'Type:Enterocyte')	-0.766986	-0.993606	-0.787261	0.913275	0.253949	1.38063
('Gene:Pex19-449', 'Type:Enterocyte')	-1.0368899999999999	-1.2930700000000002	-0.13106900000000002	0.570405	1.19334	0.697286
('Gene:Gng12-450', 'Type:Enterocyte')	-0.9556870000000001	-1.0218399999999999	-0.722923	1.03874	0.65727	1.00445
('Gene:Mcu-451', 'Type:Enterocyte')	-0.9234680000000001	-0.401975	-1.2669	0.5618	0.973851	1.05669
('Gene:Tmem230-452', 'Type:Enterocyte')	-0.36738000000000004	-1.02199	-1.21139	0.793465	1.1162	0.6910970000000001
('Gene:Myo1d-453', 'Type:Enterocyte')	-0.9194389999999999	-0.5169090000000001	-1.22901	0.811337	0.9289639999999999	0.925057
('Gene:Pcsk5-454', 'Type:Enterocyte')	-0.5859800000000001	-1.17655	-0.870841	0.5714090000000001	0.855403	1.20656
('Gene:Pgd-455', 'Type:Enterocyte')	-0.968566	-0.697829	-1.04675	0.7844140000000001	1.00863	0.9201030000000001
('Gene:Pgm2-456', 'Type:Enterocyte')	-1.06239	-0.646662	-0.977876	0.9151440000000001	0.673967	1.09782
('Gene:Ezr-457', 'Type:Enterocyte')	-1.02435	-0.727358	-0.9500190000000001	0.71497	0.862347	1.1244100000000001
('Gene:Cast-458', 'Type:Enterocyte')	-0.673901	-1.2294200000000002	-0.7720100000000001	0.906488	1.0460399999999999	0.7228060000000001
('Gene:Gk-459', 'Type:Enterocyte')	-1.09738	-0.327434	-1.0843200000000002	0.9799389999999999	0.326815	1.20238
('Gene:Farp2-460', 'Type:Enterocyte')	-1.2719	-0.749309	-0.6033350000000001	0.73542	1.20102	0.688104
('Gene:Tubal3-461', 'Type:Enterocyte')	-0.42277700000000007	0.326228	-1.81195	0.808897	0.8437450000000001	0.255855
('Gene:Lpgat1-462', 'Type:Enterocyte')	-1.0651899999999999	-0.150146	-1.15478	0.500152	1.44034	0.429629
('Gene:Lad1-463', 'Type:Enterocyte')	-1.1025200000000002	-0.819254	-0.779406	0.958729	0.686087	1.05637
('Gene:Ccdc88c-464', 'Type:Enterocyte')	-0.992374	-0.5002260000000001	-1.11924	1.17745	0.49682299999999996	0.937573
('Gene:Aldh18a1-465', 'Type:Enterocyte')	-0.9988020000000001	-0.551474	-1.13511	0.885928	0.954075	0.845382
('Gene:Dlst-466', 'Type:Enterocyte')	-0.888962	-0.795818	-1.03909	0.8207270000000001	1.0295299999999998	0.8736079999999999
('Gene:Actn4-467', 'Type:Enterocyte')	-0.9357340000000001	-0.5666859999999999	-1.1500299999999999	0.9142100000000001	0.610104	1.12814
('Gene:Baiap2l1-468', 'Type:Enterocyte')	-1.02188	-0.747039	-0.932349	0.6660659999999999	0.9346700000000001	1.10053
('Gene:Itga3-469', 'Type:Enterocyte')	-0.9776540000000001	-0.578795	-1.1233899999999999	0.7387670000000001	1.06416	0.876909
('Gene:Tbc1d22a-470', 'Type:Enterocyte')	-0.60533	-0.122446	-1.53823	0.550211	1.34664	0.369159
('Gene:Fam3b-471', 'Type:Enterocyte')	-1.8059	-0.47804300000000005	0.7776689999999999	0.483713	0.783913	0.238644
('Gene:Itpk1-472', 'Type:Enterocyte')	0.0900393	-1.48732	-0.41072	0.0263404	1.60611	0.175551
('Gene:Upp1-473', 'Type:Enterocyte')	-1.38097	0	-0.6626	0.9560930000000001	0.8162	0.271275
('Gene:Aprt-474', 'Type:Enterocyte')	-0.9339709999999999	-0.8409110000000001	-0.8605879999999999	0.413013	0.97031	1.25215
('Gene:Tax1bp3-475', 'Type:Enterocyte')	0.21302	-0.680874	-1.4471399999999999	1.40829	-0.12424	0.630947
('Gene:Dbnl-476', 'Type:Enterocyte')	-1.40416	-0.886307	-0.262728	0.874498	0.8414520000000001	0.8372459999999999
('Gene:Stx12-477', 'Type:Enterocyte')	-0.800484	-0.97854	-0.639663	0.883028	0.0489224	1.48674
('Gene:Eno1-478', 'Type:Enterocyte')	-0.925508	-0.9036790000000001	-0.8421069999999999	0.61415	0.779018	1.27813
('Gene:Dst-479', 'Type:Enterocyte')	-1.23453	-0.621097	-0.0854478	0.13958299999999998	1.74948	0.052016999999999994
('Gene:Ptdss1-480', 'Type:Enterocyte')	-0.125343	-0.772065	-0.66673	0.00155125	1.94809	-0.38550500000000004
('Gene:Sco2-481', 'Type:Enterocyte')	-0.154306	0.21875799999999998	-1.6754900000000001	-0.23652800000000002	1.3471	0.5004649999999999
('Gene:Pccb-482', 'Type:Enterocyte')	1.1639899999999999	-0.9870190000000001	-1.34095	0.349914	0.864735	-0.0506628
('Gene:Frmd8-483', 'Type:Enterocyte')	-1.1715200000000001	-0.159237	0.8089390000000001	-1.1808	0.6231909999999999	1.07942
('Gene:Man1b1-484', 'Type:Enterocyte')	-1.29426	0.7661399999999999	0.227198	0.6954020000000001	-1.228	0.833515
('Gene:Cstb-485', 'Type:Enterocyte')	-0.837562	-0.544903	1.89464	0.27245199999999997	-0.27008000000000004	-0.514541
('Gene:Ckb-486', 'Type:Enterocyte')	1.0278	-0.0000346	-1.08761	0.8320649999999999	0.5546989999999999	-1.32691
('Gene:Ppap2a-487', 'Type:Enterocyte')	1.21046	-0.174731	0.733895	-0.20141900000000001	-1.70482	0.13662
('Gene:Myo5b-488', 'Type:Enterocyte')	0.263364	1.48377	0.512245	-1.44379	-0.565218	-0.250375
('Gene:Gstm5-489', 'Type:Enterocyte')	0.49018599999999996	0.822139	1.16572	-1.38143	-0.876381	-0.220235
('Gene:Slc3a2-490', 'Type:Enterocyte')	0.852907	1.12551	0.7019770000000001	-0.6505029999999999	-1.13662	-0.893272
('Gene:Htra2-491', 'Type:Enterocyte')	1.12609	1.02362	0.5234489999999999	-0.754023	-0.9636440000000001	-0.955492
('Gene:Slc39a4-492', 'Type:Enterocyte')	0.314853	1.2373	1.00461	-0.677938	-0.678527	-1.2003
('Gene:Lgals3-493', 'Type:Enterocyte')	0.932378	0.946001	0.8400780000000001	-1.09381	-0.729063	-0.895583
('Gene:Srsf10-494', 'Type:Enterocyte')	0.6681630000000001	1.0663	0.9725229999999999	-1.01457	-0.9143209999999999	-0.778089
('Gene:Kctd12-495', 'Type:tuft')	0	0	0	-0.196172	-0.8873770000000001	1.08355
('Gene:Gpcpd1-496', 'Type:tuft')	0	0	0	0.8704629999999999	0.221823	-1.09229
('Gene:Lzts2-497', 'Type:tuft')	-1.12909	0.355098	0.773991	0	0	0
('Gene:Dclk1-498', 'Type:tuft')	0	0	0	0.223902	0.8690690000000001	-1.09297
('Gene:Adh1-499', 'Type:tuft')	-0.922947	-0.9012459999999999	-0.9143389999999999	0.906683	0.915581	0.9162680000000001
('Gene:S100g-500', 'Type:tuft')	-0.6397579999999999	-1.3189	-0.70109	0.908106	0.854426	0.8972129999999999
('Gene:Cbr3-501', 'Type:tuft')	-0.8846620000000001	-0.9233600000000001	-0.9285540000000001	0.8644129999999999	0.9739129999999999	0.898249
('Gene:Mov10-502', 'Type:tuft')	-0.9825010000000001	-1.04719	-0.688655	0.885434	0.9223870000000001	0.9105219999999999
('Gene:Cdhr5-503', 'Type:tuft')	-0.985174	-0.8945139999999999	-0.85149	0.994447	0.808369	0.9283620000000001
('Gene:Lmtk2-504', 'Type:tuft')	-0.8986959999999999	-0.669583	-0.9718969999999999	0.190071	1.20505	1.14506
('Gene:Hebp1-505', 'Type:tuft')	-0.859728	-0.833455	-1.0328700000000002	0.882484	1.02483	0.818739
('Gene:Inpp5b-506', 'Type:tuft')	-0.917695	-0.7349720000000001	-1.06664	0.8154779999999999	0.9883870000000001	0.915438
('Gene:Aldh3a2-507', 'Type:tuft')	-0.863296	-0.900299	-0.970306	0.985244	0.835095	0.9135629999999999
('Gene:Bpgm-508', 'Type:tuft')	-0.9139139999999999	-1.0013	-0.8149850000000001	0.996933	0.8981959999999999	0.835066
('Gene:Atp2a3-509', 'Type:tuft')	-0.768035	-0.858807	-1.09527	0.952081	0.8871870000000001	0.882841
('Gene:Ptpn6-510', 'Type:tuft')	-1.04614	-0.752119	-0.924808	0.914175	0.824134	0.9847520000000001
('Gene:Mical1-511', 'Type:tuft')	-0.947941	-0.8689290000000001	-0.9205139999999999	0.935276	0.9166559999999999	0.885452
('Gene:Mocs2-512', 'Type:tuft')	-0.9086549999999999	-1.1836799999999998	-0.503239	0.470282	0.920557	1.20474
('Gene:Rmdn1-513', 'Type:tuft')	-0.84401	-1.0017200000000002	-0.858823	0.949937	1.1063399999999999	0.64828
('Gene:Oat-514', 'Type:tuft')	-0.940507	-0.818281	-0.971882	0.808012	0.953628	0.96903
('Gene:Tmem45b-515', 'Type:tuft')	-1.10646	-0.937241	-0.6535449999999999	1.06546	0.7733479999999999	0.8584440000000001
('Gene:Ethe1-516', 'Type:tuft')	-0.8849440000000001	-0.850402	-0.998949	0.9570000000000001	0.90527	0.872025
('Gene:Mgst3-517', 'Type:tuft')	-0.8429969999999999	-0.713366	-1.1536600000000001	0.9074620000000001	0.8746079999999999	0.927956
('Gene:Crot-518', 'Type:tuft')	-1.25901	-1.04599	-0.280457	0.944941	0.8625379999999999	0.77798
('Gene:Slc4a7-519', 'Type:tuft')	-0.74593	-0.9049159999999999	-1.05939	1.08694	0.853147	0.770141
('Gene:Trim2-520', 'Type:tuft')	-0.9148959999999999	-0.9311950000000001	-0.742975	0.42389499999999997	1.4143700000000001	0.750803
('Gene:H2-Q10-521', 'Type:tuft')	-0.5094029999999999	-1.41327	-0.558916	0.602518	1.32833	0.550744
('Gene:Abcc3-522', 'Type:tuft')	-0.703292	-1.0707799999999998	-0.943702	0.9620989999999999	0.9043540000000001	0.8513209999999999
('Gene:Espn-523', 'Type:tuft')	0	-1.4747700000000001	0	0.38702600000000004	0.748388	0.339362
('Gene:Chdh-524', 'Type:tuft')	-1.00275	-0.736288	-0.978978	0.9470709999999999	1.00573	0.765215
('Gene:Aldh2-525', 'Type:tuft')	-0.898782	-0.924784	-0.900701	0.72621	0.965781	1.03227
('Gene:Acss2-526', 'Type:tuft')	-0.9656319999999999	-0.9610049999999999	-0.805898	0.9566709999999999	0.8526809999999999	0.923183
('Gene:Rabgap1l-527', 'Type:tuft')	-0.847686	-0.731618	-0.745063	0.101566	1.70735	0.515452
('Gene:Nt5c3a-528', 'Type:tuft')	-0.8894219999999999	-1.08028	-0.540613	0.749393	1.4451100000000001	0.315805
('Gene:Stx3-529', 'Type:tuft')	-0.745957	-1.0338200000000002	-0.9096190000000001	1.12816	0.613449	0.9477909999999999
('Gene:Sfxn3-530', 'Type:tuft')	-0.711394	-0.29273000000000005	-1.38345	0.488592	0.473818	1.42516
('Gene:Siae-531', 'Type:tuft')	-0.6884640000000001	-0.979101	-0.960484	1.00672	0.41253900000000004	1.20879
('Gene:Vamp8-532', 'Type:tuft')	-0.776804	-0.818896	-0.835397	1.25826	1.2016799999999999	-0.028848900000000004
('Gene:Stk38-533', 'Type:tuft')	-0.8395030000000001	-1.24395	-0.569261	0.964289	0.659143	1.02929
('Gene:Asah1-534', 'Type:tuft')	-1.23455	-0.9125469999999999	-0.497079	1.07474	0.853345	0.716096
('Gene:Pnpla6-535', 'Type:tuft')	-1.12592	-0.704277	-0.791416	1.02063	0.421887	1.1791
('Gene:Calml4-536', 'Type:tuft')	-1.01588	-1.0078	-0.608112	0.458298	1.0144600000000001	1.15903
('Gene:Nudt14-537', 'Type:tuft')	-1.3235	-0.502355	-0.618101	0.708847	0.31702199999999997	1.41809
('Gene:Myo6-538', 'Type:tuft')	-0.946226	-0.7520560000000001	-1.02072	1.05112	0.860721	0.807156
('Gene:Nptn-539', 'Type:tuft')	-0.60124	-0.20226	-1.62077	0.751973	0.895036	0.777265
('Gene:Samd9l-540', 'Type:tuft')	-0.581199	-0.9538909999999999	-0.46101899999999996	1.77993	0.525371	-0.309191
('Gene:Galk1-541', 'Type:tuft')	-1.15503	-0.752034	-0.7854180000000001	1.10559	0.761731	0.8251620000000001
('Gene:Arpc5-542', 'Type:tuft')	-0.227798	-1.18553	-1.09418	0.557316	1.23316	0.717028
('Gene:Ppp3ca-543', 'Type:tuft')	-0.969141	-0.730876	-0.9672780000000001	0.575557	1.23561	0.856124
('Gene:Prcp-544', 'Type:tuft')	-0.625961	-0.358425	-1.3413	0.023768099999999997	1.27474	1.0271700000000001
('Gene:Tmem160-545', 'Type:tuft')	-1.1597899999999999	-0.234758	-0.8446790000000001	1.01851	1.3532799999999998	-0.13255699999999998
('Gene:Hk1-546', 'Type:tuft')	-0.6006819999999999	-1.04142	-0.865125	1.3251700000000002	0.171816	1.01025
('Gene:Gprc5a-547', 'Type:tuft')	-0.379132	-0.267356	-1.6314899999999999	0.61116	0.40891500000000003	1.2579
('Gene:Atp6v1d-548', 'Type:tuft')	-0.250076	-0.493512	-1.65473	0.8536540000000001	0.641811	0.9028510000000001
('Gene:Bcl2l14-549', 'Type:tuft')	-0.9418340000000001	-0.76753	-0.728356	0.609318	0.22479899999999997	1.6036
('Gene:Slc25a12-550', 'Type:tuft')	-0.849807	-0.5103850000000001	-0.9584940000000001	1.6289799999999999	0.0229859	0.666718
('Gene:Ppt1-551', 'Type:tuft')	-0.559277	-0.103628	-1.4889	1.49724	0.284222	0.370345
('Gene:Rab5b-552', 'Type:tuft')	-1.7075599999999997	0.527038	-0.33105300000000004	0.8998799999999999	0.897458	-0.285763
('Gene:Abhd16a-553', 'Type:tuft')	-0.0550609	0.434597	-1.9310900000000002	0.5124850000000001	0.147696	0.8913700000000001
('Gene:Eml3-554', 'Type:tuft')	-0.7441979999999999	-0.600735	1.44086	-0.0959295	0	0
('Gene:Cap1-555', 'Type:tuft')	-1.22272	0.253705	-0.846891	1.33408	-0.402336	0.8841559999999999
('Gene:Casp3-556', 'Type:tuft')	-0.200337	-0.537606	-1.21753	-0.28554	1.6663299999999999	0.574681
('Gene:Stard5-557', 'Type:tuft')	0.0518587	-1.88261	0.23226100000000002	1.09327	0.0573043	0.447916
('Gene:Eppk1-558', 'Type:tuft')	0.12984400000000001	-0.98169	-1.34069	0.6590590000000001	0.21363400000000002	1.31984
('Gene:Capg-559', 'Type:tuft')	-1.17202	-1.13124	-0.241144	0.597544	0.838677	1.10818
('Gene:Anxa11-560', 'Type:tuft')	0.13844800000000002	-1.19131	-1.15467	0.476988	0.363553	1.36699
('Gene:Nsfl1c-561', 'Type:tuft')	-1.50813	-0.7838579999999999	0.48437399999999997	1.2222600000000001	-0.0323346	0.617691
('Gene:Dpysl2-562', 'Type:tuft')	-0.6713020000000001	-0.524319	-0.656976	-0.536867	0.603195	1.78627
('Gene:Tbcb-563', 'Type:tuft')	-1.6952200000000002	0.252368	0.430317	-0.649389	0.637729	1.02419
('Gene:Rhog-564', 'Type:tuft')	0.0727939	0.720648	-0.7496	1.2893299999999999	-1.49194	0.158773
('Gene:39692-565', 'Type:tuft')	-0.828577	-0.313127	1.64418	0.739862	-0.931808	-0.310527
('Gene:Gna14-566', 'Type:tuft')	-0.5278510000000001	1.5898299999999999	0.0840441	0.0243558	-1.4515799999999999	0.28120700000000004
('Gene:Vps53-567', 'Type:tuft')	-0.059006399999999994	-0.08658239999999999	1.17418	-1.6185399999999999	-0.344017	0.9339719999999999
('Gene:Cpne3-568', 'Type:tuft')	1.0702200000000002	0.516192	0.5917789999999999	-1.77532	-0.251807	-0.151064
('Gene:Lrch4-569', 'Type:tuft')	-0.264298	-0.352925	1.60748	0.682375	-1.2588700000000002	-0.413764
('Gene:Anxa4-570', 'Type:tuft')	0.0791692	1.88802	-0.251365	-1.0136399999999999	-0.5654859999999999	-0.1367
('Gene:Vdac3-571', 'Type:tuft')	1.56228	0.573835	-1.0103600000000001	-1.04214	0.202753	-0.28636
('Gene:Lima1-572', 'Type:tuft')	0.46334	1.30536	0.0379952	-0.661756	-1.5691	0.424158
('Gene:Csk-573', 'Type:tuft')	0.945189	-1.09483	0.702795	-1.2422	-0.21832800000000002	0.9073700000000001
('Gene:Lmf1-574', 'Type:tuft')	0.787507	1.14774	-1.47282	0.40061599999999997	-0.856035	-0.00701209
('Gene:Atp8a1-575', 'Type:tuft')	0.588386	-1.022	1.64772	-0.183453	-0.9212600000000001	-0.10939700000000001
('Gene:Man2a1-576', 'Type:tuft')	0.888403	1.38726	0.06568969999999999	-0.638849	-1.31198	-0.390532
('Gene:Nsf-577', 'Type:tuft')	0.708313	0.999969	0.9446959999999999	-1.27206	-0.5595100000000001	-0.8214040000000001
('Gene:Cystm1-578', 'Type:tuft')	0.123674	0.893782	0.9094760000000001	0.226804	-0.374023	-1.77971
('Gene:Slc26a2-579', 'Type:tuft')	0.417626	1.0498100000000001	0.328704	-0.23131500000000002	-1.86352	0.298701
('Gene:Ube2j1-580', 'Type:tuft')	0.471699	1.7413599999999998	-0.0807915	-1.09136	-0.46647700000000003	-0.574431
('Gene:Smug1-581', 'Type:tuft')	-1.06009	0.705028	0.750971	-1.4841799999999998	0.443508	0.6447579999999999
('Gene:Fam49b-582', 'Type:tuft')	-1.13527	0.9816959999999999	1.45851	-0.250294	-0.55387	-0.5007659999999999
('Gene:Ndufaf3-583', 'Type:tuft')	-0.0596922	-0.462308	0.587432	-0.983449	1.69373	-0.775714
('Gene:Fn1-584', 'Type:tuft')	0.488379	1.63171	0.172795	-0.853541	-1.1100299999999999	-0.329316
('Gene:Bub3-585', 'Type:tuft')	0.6595310000000001	1.1558	0.851651	-0.593863	-1.003	-1.0701200000000002
('Gene:Sort1-586', 'Type:tuft')	0.348668	0.566558	1.54102	-0.480526	-0.993266	-0.982455
('Gene:Ckap4-587', 'Type:tuft')	0.7437050000000001	-0.127557	1.4884	-0.0918465	-0.70522	-1.30748
('Gene:Rab4b-588', 'Type:tuft')	-0.399307	0.609394	1.76253	-0.48027600000000004	-0.6501060000000001	-0.8422379999999999
('Gene:Svil-589', 'Type:tuft')	1.32646	0.5706140000000001	0.749153	-0.8334280000000001	-0.99567	-0.817132
('Gene:Kdm4a-590', 'Type:tuft')	1.26096	0.9090809999999999	0.210729	-1.29633	-0.17432999999999998	-0.910111
('Gene:Myadm-591', 'Type:tuft')	0.449053	1.4299	0.698531	-0.7012729999999999	-0.8546290000000001	-1.02158
('Gene:Gnai2-592', 'Type:tuft')	0.950521	1.10781	0.596723	-0.7291	-1.2149299999999998	-0.711016
('Gene:Eef2k-593', 'Type:tuft')	0.879683	0.7780229999999999	0.45385699999999995	-1.82555	-0.286765	0.000746621
('Gene:Wnk2-594', 'Type:tuft')	0.312229	1.2818100000000001	0.32214499999999996	-0.5582090000000001	0	-1.35798
('Gene:Dsp-595', 'Type:tuft')	0.981555	1.0971	0.579095	-0.763407	-1.1926299999999999	-0.701716
('Gene:Hacd3-596', 'Type:tuft')	0.764454	1.06649	0.8949879999999999	-0.899059	-0.9043479999999999	-0.922525
('Gene:Tmem176b-597', 'Type:tuft')	0.8127989999999999	0.729584	1.12142	-0.548276	-1.13237	-0.983159
('Gene:Ddah1-598', 'Type:tuft')	0.42273299999999997	1.2339200000000001	0.9179620000000001	-0.516147	-0.840808	-1.21766
('Gene:Rabgap1-599', 'Type:tuft')	0.9118299999999999	0.6821510000000001	1.00617	-1.39405	-0.703415	-0.502678
('Gene:Mllt4-600', 'Type:tuft')	0.801139	1.01013	0.914135	-0.9724709999999999	-0.9766440000000001	-0.776293
('Gene:Atp6ap1-601', 'Type:tuft')	0.904266	0.8891370000000001	0.290445	-1.24566	0.418889	-1.25708
('Gene:Cd47-602', 'Type:tuft')	1.0723	0.44551999999999997	0.50778	-1.37745	0.477933	-1.12608
('Gene:Hdac6-603', 'Type:tuft')	0.490649	0.9771780000000001	1.0841100000000001	-1.35153	-0.39776300000000003	-0.802642
('Gene:Morf4l1-604', 'Type:tuft')	0.760458	1.0164	0.924003	-1.14717	-0.8539049999999999	-0.699785
('Gene:Esyt1-605', 'Type:tuft')	0.6463180000000001	1.08985	0.0942409	0.585601	-0.9588610000000001	-1.45715
('Gene:Acot7-606', 'Type:tuft')	1.04396	0.759228	0.6156520000000001	0.0108008	-1.25346	-1.17618
('Gene:S100a11-607', 'Type:tuft')	0.6493	0.839375	1.1885700000000001	-0.6784680000000001	-1.03982	-0.9589610000000001
('Gene:Msi2-608', 'Type:tuft')	0.9903420000000001	0.9427620000000001	0.77815	-0.920725	-1.08784	-0.702689
('Gene:Hspa4l-609', 'Type:tuft')	0.721993	1.0178200000000002	0.983382	-0.953822	-0.867468	-0.90191
('Gene:Sox9-610', 'Type:tuft')	0.595485	1.41308	0.588364	-1.05505	-0.753826	-0.7880560000000001
('Gene:Osbpl3-611', 'Type:tuft')	0.807535	1.02181	0.8932459999999999	-0.895581	-1.04551	-0.7814949999999999
('Gene:Acsl4-612', 'Type:tuft')	0.9888030000000001	0.9796040000000001	0.755595	-0.879965	-0.829428	-1.01461
('Gene:Palld-613', 'Type:tuft')	0.992772	1.29793	0.288441	-0.9624799999999999	-0.726433	-0.89023
('Gene:Clic4-614', 'Type:tuft')	0.9836969999999999	0.786335	0.955533	-0.981341	-0.963724	-0.7804989999999999
('Gene:Myo1b-615', 'Type:tuft')	0.867508	0.975958	0.878597	-0.7448520000000001	-0.906394	-1.07082
('Gene:Lpcat4-616', 'Type:tuft')	1.02909	0.7446109999999999	0.952067	-0.910855	-0.949253	-0.865658
('Gene:Cwh43-617', 'Type:tuft')	0.9639540000000001	0.76508	0.916583	-1.32532	-0.7530600000000001	-0.56724
('Gene:Pkp1-618', 'Type:tuft')	0.616056	0.750708	0.803203	-0.9155719999999999	-1.25439	0
('Gene:Ehf-619', 'Type:tuft')	0.9336629999999999	0.476995	0.739267	0	-0.9280870000000001	-1.22184
('Gene:Pla2g4a-620', 'Type:tuft')	0.790295	0.999108	0.913684	-0.63415	-1.0338399999999999	-1.0351
('Gene:Basp1-621', 'Type:tuft')	0.81795	0.930796	0.8280629999999999	-0.24659	-1.2046	-1.12562
('Gene:Sorbs2-622', 'Type:Stem')	0.9382299999999999	0.9100030000000001	0.886159	-0.904241	-0.9986370000000001	-0.831513
('Gene:Ifitm3-623', 'Type:Stem')	0.993075	0.704836	1.00759	-0.698979	-1.01184	-0.9946799999999999
('Gene:Cd44-624', 'Type:Stem')	0.934903	0.9300860000000001	0.8694870000000001	-0.8974280000000001	-0.840614	-0.996434
('Gene:Cdk6-625', 'Type:Stem')	0.845601	1.0003799999999998	0.887057	-0.9603889999999999	-0.842575	-0.9300780000000001
('Gene:Cd81-626', 'Type:Stem')	0.8596219999999999	0.963735	0.9103	-0.919801	-0.827717	-0.986139
('Gene:Slc12a2-627', 'Type:Stem')	0.887582	0.989402	0.855642	-0.8267040000000001	-0.9798979999999999	-0.9260229999999999
('Gene:Soat1-628', 'Type:Stem')	0.847305	1.0232299999999999	0.861275	-0.9340120000000001	-0.84967	-0.948131
('Gene:App-629', 'Type:Stem')	0.9308209999999999	1.04811	0.746154	-0.932235	-0.928658	-0.8641909999999999
('Gene:Pls3-630', 'Type:Stem')	0.92225	0.9383379999999999	0.8764709999999999	-0.950652	-0.919768	-0.8666389999999999
('Gene:Aqp1-631', 'Type:Stem')	0.6282949999999999	1.1221299999999998	0.945225	-0.7956479999999999	-0.864693	-1.03531
('Gene:Smoc2-632', 'Type:Stem')	0.9579709999999999	0.8582489999999999	0.685886	-1.44325	-0.8697940000000001	-0.18906099999999998
('Gene:Nap1l1-633', 'Type:Stem')	0.939897	0.7398600000000001	1.03854	-0.7867689999999999	-0.910012	-1.02152
('Gene:Kcnq1-634', 'Type:Stem')	0.865993	0.564797	0.580592	-0.47130299999999997	-1.54008	0
('Gene:Irf2bp2-635', 'Type:Stem')	0.800405	0.906005	1.01589	-0.870559	-1.05647	-0.795279
('Gene:Etv6-636', 'Type:Stem')	1.21281	0.7075199999999999	0.772984	-0.945092	-0.8045800000000001	-0.943641
('Gene:Phgdh-637', 'Type:Stem')	0.8835350000000001	1.01742	0.791366	-1.06198	-0.5902890000000001	-1.04006
('Gene:Nfib-638', 'Type:Stem')	1.07535	0.6008220000000001	0.854305	-0.805098	-1.41773	-0.307647
('Gene:Yap1-639', 'Type:Stem')	0.322006	0.791661	1.3812799999999998	-0.42581899999999995	-0.893726	-1.1754
('Gene:Grb7-640', 'Type:Stem')	0.57403	0.9450540000000001	1.0577	-0.315182	-1.10037	-1.16124
('Gene:Lcp1-641', 'Type:Stem')	0.568102	1.0913899999999999	0.9723379999999999	-1.26024	-0.7627470000000001	-0.608846
('Gene:Clic6-642', 'Type:Stem')	0.839505	0.8563569999999999	1.03524	-0.9520540000000001	-0.914533	-0.8645149999999999
('Gene:Tns3-643', 'Type:Stem')	-0.0308522	0.28379499999999996	1.6278700000000002	-0.479504	-1.42756	0.0262509
('Gene:Itga1-644', 'Type:Stem')	1.16184	-0.261327	0.45191099999999995	0.541687	-1.7502799999999998	-0.143831
('Gene:Noxa1-645', 'Type:Stem')	0.390047	0.591283	1.0186600000000001	-0.0712297	-1.85753	-0.0712297
('Gene:Mfge8-646', 'Type:Stem')	-0.549679	-1.33854	-0.0953535	0.467305	-0.116273	1.6325399999999999
('Gene:Lamb3-647', 'Type:Stem')	-1.88074	0.719738	0.13261900000000001	0.785076	0.49665299999999996	-0.25334
('Gene:Urod-648', 'Type:Stem')	-1.11422	-1.40832	0.321386	0.651595	0.927631	0.621925
('Gene:Arid5b-649', 'Type:Stem')	-1.07055	-0.879368	0.48285900000000004	1.4350399999999999	0.643563	-0.611545
('Gene:Sdc4-650', 'Type:Stem')	-0.9288780000000001	1.34522	-0.9868110000000001	-0.7205159999999999	0.6198640000000001	0.6711229999999999
('Gene:Ngef-651', 'Type:Stem')	-0.7126939999999999	-0.771325	-1.18121	0.740116	1.18736	0.737754
('Gene:Clca2-652', 'Type:Stem')	-1.59514	0.43581800000000004	-0.24910900000000002	-0.503586	1.2030399999999999	0.708972
('Gene:Csad-653', 'Type:Stem')	-1.2937100000000001	0.193241	-1.19013	0.943423	0.8673350000000001	0.47984
('Gene:Tcaf2-654', 'Type:Stem')	-1.11711	-0.8789879999999999	-0.71444	0.926908	0.793809	0.9898170000000001
('Gene:Lancl1-655', 'Type:Stem')	-0.5294270000000001	-0.379091	-1.50347	0.351146	1.21579	0.845059
('Gene:Pdxk-656', 'Type:Stem')	-0.897395	-1.02262	-0.810161	0.898595	0.9780139999999999	0.853569
('Gene:Olfm4-657', 'Type:Stem')	-0.81703	-0.864067	-1.00261	1.11689	0.553506	1.01332
('Gene:Sdsl-658', 'Type:Stem')	-1.02237	-0.828189	-0.8796649999999999	0.9160719999999999	0.9788450000000001	0.835304
('Gene:Vdr-659', 'Type:Stem')	-0.929263	-1.08386	-0.679255	0.8670329999999999	0.709391	1.11595
('Gene:Hmgcs2-660', 'Type:Stem')	-0.955909	-0.875	-0.906782	0.913017	0.9169649999999999	0.907709
('Gene:Slc27a2-661', 'Type:Stem')	-0.8290350000000001	-0.9915950000000001	-0.91355	0.9550620000000001	0.8963479999999999	0.88277
('Gene:Afap1l1-662', 'Type:Stem')	0.7557520000000001	-1.13394	0.378186	0	0	0
('Gene:Lgr5-663', 'Type:Stem')	-0.471613	-0.676984	1.1486	0	0	0
('Gene:Lrig1-664', 'Type:Stem')	0.8325899999999999	0.276594	-1.1091799999999998	0	0	0
('Gene:Pnliprp2-665', 'Type:Paneth')	-0.880174	-0.933401	-0.923227	0.8718530000000001	0.8966709999999999	0.9682780000000001
('Gene:Reg4-666', 'Type:Paneth')	-0.9848879999999999	-0.6391789999999999	-1.05954	0.693519	0.857877	1.13221
('Gene:Clps-667', 'Type:Paneth')	-1.41573	-0.806398	-0.35078899999999996	0.9222899999999999	0.7565350000000001	0.8940959999999999
('Gene:Ggh-668', 'Type:Paneth')	-0.837463	-0.820693	-1.06847	0.9684459999999999	0.8768819999999999	0.8812959999999999
('Gene:Acox2-669', 'Type:Paneth')	-1.50768	-0.406075	-0.6226470000000001	0.704754	0.90705	0.924601
('Gene:Itln1-670', 'Type:Paneth')	-1.33107	0.0594706	-1.1348	0.771473	0.868842	0.766085
('Gene:Lamb1-671', 'Type:Paneth')	0.668729	0.9051870000000001	-0.650877	0.862455	-1.5898700000000001	-0.19562000000000002
('Gene:Ang4-672', 'Type:Paneth')	-0.395444	1.11747	1.3698700000000001	-1.11335	-0.488548	-0.490005
('Gene:Rab18-673', 'Type:Paneth')	0.508083	0.8037810000000001	1.11943	-0.0509466	-1.24957	-1.13078
('Gene:Lyz1-674', 'Type:Paneth')	0.416347	1.0967	1.0918700000000001	-1.18354	-0.812703	-0.608665
('Gene:Defa20-675', 'Type:Paneth')	-0.689963	1.52291	0.99356	-0.6994279999999999	-0.347671	-0.779405
('Gene:Defa-rs1-676', 'Type:Paneth')	0.705177	0.539034	1.16432	-0.339959	-1.58267	-0.485897
('Gene:Defa5-677', 'Type:Paneth')	0.850765	0.996771	0.848592	-0.7780279999999999	-1.2016	-0.7165020000000001
('Gene:Mmp7-678', 'Type:Paneth')	0.9202299999999999	0.908292	0.9045040000000001	-1.01118	-0.8099689999999999	-0.911882
('Gene:Defa24-679', 'Type:Paneth')	0.0408603	1.13205	1.28669	-0.958641	-0.8393860000000001	-0.661569
('Gene:Slc1a4-680', 'Type:Paneth')	0.872662	0.96111	0.900689	-0.8872979999999999	-0.9949389999999999	-0.852224
